name,series,model,category,description,url,specifications,features,applications,images,downloaded_images
FR-A series,FR-A,,FR-A800 Plus,,https://us.mitsubishielectric.com/fa/en/products/drv/inv/items/fr-a800-plus/,{},,,,
FR-A800 Plus series,FR-A800 PLUS,,FR-A800 Plus,,https://us.mitsubishielectric.com/fa/en/products/drv/inv/items/fr-a800-plus/,{},,,,
FR-F series,FR-F,,FR-A800 Plus,,https://us.mitsubishielectric.com/fa/en/products/drv/inv/items/fr-a800-plus/,{},,,,
FR-E series,FR-E,,FR-A800 Plus,,https://us.mitsubishielectric.com/fa/en/products/drv/inv/items/fr-a800-plus/,{},,,,
FR-D series,FR-D,,FR-A800 Plus,,https://us.mitsubishielectric.com/fa/en/products/drv/inv/items/fr-a800-plus/,{},,,,
FR-D700 Field Advisory,FR-D700,,FR-A800 Plus,,https://us.mitsubishielectric.com/fa/en/products/drv/inv/items/fr-a800-plus/,{},,,,
FR-A800 series,FR-A800,,FR-A800 Plus,,https://us.mitsubishielectric.com/fa/en/products/drv/inv/items/fr-a800-plus/,{},,,,
FR-D Series,FR-D,,FR-A800 Plus,,https://us.mitsubishielectric.com/fa/en/products/drv/inv/items/fr-a800-plus/,{},,,,
FR-XC series,,,FR-A800 Plus,,https://us.mitsubishielectric.com/fa/en/products/drv/inv/items/fr-a800-plus/,{},,,,
"FR-A800-CRNInverter with various functions ideal for a crane application such as reduction in tact time, load slippage prevention, etc.",FR-A800,,FR-A800 Plus,,https://us.mitsubishielectric.com/fa/en/products/drv/inv/items/fr-a800-plus/,{},,,,
"FR-A800-R2RThe FR-A800-R2R inverter has various dedicated functions such as winding diameter calculation, providing stable winding/unwinding control independently.",FR-A800,,FR-A800 Plus,,https://us.mitsubishielectric.com/fa/en/products/drv/inv/items/fr-a800-plus/,{},,,,
,FREQROL-A800-LC,,FR-A800 Plus,,https://us.mitsubishielectric.com/fa/en/products/drv/inv/items/fr-a800-plus/,{},,,,
,FREQROL-A800-AWH,,FR-A800 Plus,,https://us.mitsubishielectric.com/fa/en/products/drv/inv/items/fr-a800-plus/,{},,,,
fr-a800plus-series-main-banner,,,FR-A800 Plus,,https://us.mitsubishielectric.com/fa/en/products/drv/inv/items/fr-a800-plus/,{},,,,
Inverters-FREQROLFR-A800 Plus series,FR-A800,,FR-A800 Plus,Dedicated inverter for specialized fields FR-A800 Plus series.,https://us.mitsubishielectric.com/fa/en/products/drv/inv/items/fr-a800-plus/,{},C Language Controller; Programmable Logic Controller; Configured DrivesConfigured DrivesSolutions OverviewAir Handling and Pumping ApplicationsAdvanced Pump ControlCommercial Fan and Pump ApplicationsHeavy Duty Applications; Advanced Pump Control; Programmable Controllers MELSEC; Simple Application Controllers; Motion ControllersMotion ControllersMELSEC iQ-R SeriesMELSEC iQ-F SeriesMELSEC-Q seriesMELSEC-L seriesMotion Control SoftwareFA Application Package iQ MonozukuriEngineering Software; Motion Controllers; Motion Control Software; Computerized Numerical ControllersComputerized Numerical ControllersCNCDrive UnitsServo MotorsSpindle MotorsSoftware ToolsIoT-related Products,,https://us.mitsubishielectric.com/fa/en/-/media/images/webredesign/products/drv/inv/img/thumbnail-a800-plus.ashx?h=372&w=660&la=en&hash=F8F00D90BC6057DF64D176BECA4118DF; https://us.mitsubishielectric.com/fa/en/-/media/images/webredesign/products/drv/inv/img/thumbnail-a800.ashx?h=372&w=660&la=en&hash=B603D84E3883C91AA71F4901D1B94D4F; https://us.mitsubishielectric.com/fa/en/-/media/images/webredesign/products/drv/inv/items/fr_a800_plus/img/thumbnail-a800plus-lc.ashx?h=372&w=660&la=en&hash=2E3D3343A7DF0310C2DAA20896ED4CB2; https://us.mitsubishielectric.com/fa/en/-/media/images/webredesign/products/drv/inv/img/thumbnail-a800.ashx?h=372&w=660&la=en&hash=B603D84E3883C91AA71F4901D1B94D4F; https://us.mitsubishielectric.com/fa/en/-/media/images/webredesign/products/drv/inv/img/l06098enga.ashx?h=208&w=147&la=en&hash=23E3A3894304EABC2F847AD7B86EA0E0; https://us.mitsubishielectric.com/fa/en/-/media/images/webredesign/products/cnt/plcq/items/img/faist-202411-relatedlink-en.ashx?h=282&w=660&la=en&hash=4743C991996B535F2D08B6F49CEE3895,mitsubishi_electric_downloads/images/General/Inverters-FREQROLFR-A800_Plus__230242e2.jpg; mitsubishi_electric_downloads/images/General/Inverters-FREQROLFR-A800_Plus__1446e720.jpg; mitsubishi_electric_downloads/images/General/Inverters-FREQROLFR-A800_Plus__d0ed2ee0.jpg
FREQROLINVERTERS-FREQROLFR-A Series,FREQROLINVERTERS-FREQROLFR-A,,FR-A800 Plus,AC Servos-MELSERVOAC Servos-MELSERVOMELSERVO-J5MELSERVO-JETMELSERVO-J4MELSERVO-JEMELSERVO-JNMELSERVO OthersServo Support SoftwareInverters-FREQROLInverters-FREQROLFR-A seriesFR-A800 Plus seriesFR-F seriesFR-E seriesFR-D seriesEngineering Software,https://us.mitsubishielectric.com/fa/en/products/drv/inv/items/fr-a800-plus/,{},,,,
FR-A800 PLUS Series,FR-A800 PLUS,,FR-A800 Plus,AC Servos-MELSERVOAC Servos-MELSERVOMELSERVO-J5MELSERVO-JETMELSERVO-J4MELSERVO-JEMELSERVO-JNMELSERVO OthersServo Support SoftwareInverters-FREQROLInverters-FREQROLFR-A seriesFR-A800 Plus seriesFR-F seriesFR-E seriesFR-D seriesEngineering Software,https://us.mitsubishielectric.com/fa/en/products/drv/inv/items/fr-a800-plus/,{},,,,
FR-F Series,FR-F,,FR-A800 Plus,AC Servos-MELSERVOAC Servos-MELSERVOMELSERVO-J5MELSERVO-JETMELSERVO-J4MELSERVO-JEMELSERVO-JNMELSERVO OthersServo Support SoftwareInverters-FREQROLInverters-FREQROLFR-A seriesFR-A800 Plus seriesFR-F seriesFR-E seriesFR-D seriesEngineering Software,https://us.mitsubishielectric.com/fa/en/products/drv/inv/items/fr-a800-plus/,{},,,,
FR-E Series,FR-E,,FR-A800 Plus,AC Servos-MELSERVOAC Servos-MELSERVOMELSERVO-J5MELSERVO-JETMELSERVO-J4MELSERVO-JEMELSERVO-JNMELSERVO OthersServo Support SoftwareInverters-FREQROLInverters-FREQROLFR-A seriesFR-A800 Plus seriesFR-F seriesFR-E seriesFR-D seriesEngineering Software,https://us.mitsubishielectric.com/fa/en/products/drv/inv/items/fr-a800-plus/,{},,,,
FREQROLFR-A Series,FREQROLFR-A,,FR-A800 Plus,Inverters-FREQROLFR-A seriesFR-A800 Plus seriesFR-F seriesFR-E seriesFR-D seriesEngineering Software,https://us.mitsubishielectric.com/fa/en/products/drv/inv/items/fr-a800-plus/,{},,,,
FREQROL)INVERTER Series,FREQROL)INVERTER,,FR-A800 Plus,Integrated engineering softwareIntegrated engineering softwareiQ WorksiQ AppPortalPLC engineering software (MELSEC)PLC engineering software (MELSEC)iQ WorksGX Works3GX Works2PX DeveloperMX ComponentMX SheetGX VideoViewer ProGX LogViewerFieldDeviceConfiguratorPeripheral device development support toolOther development support toolsMotion Controller engineering softwareMotion Controller engineering softwareMT Works2GX Works3AC Servo engineering software (MELSERVO)Inverter engineering software (FREQROL)Inverter engineering software (FREQROL)FR Configurator2HMI engineering software (GOT)HMI engineering software (GOT)Robot engineering software (MELFA)Robot engineering software (MELFA)RT VisualBoxRT ToolBox3NC Software ToolsNC Software ToolsNC Servo SelectionNC Designer2NC Configurator2NC Analyz,https://us.mitsubishielectric.com/fa/en/products/drv/inv/items/fr-a800-plus/,{},,,,
FREQROL)FR Series,FREQROL)FR,,FR-A800 Plus,Integrated engineering softwareIntegrated engineering softwareiQ WorksiQ AppPortalPLC engineering software (MELSEC)PLC engineering software (MELSEC)iQ WorksGX Works3GX Works2PX DeveloperMX ComponentMX SheetGX VideoViewer ProGX LogViewerFieldDeviceConfiguratorPeripheral device development support toolOther development support toolsMotion Controller engineering softwareMotion Controller engineering softwareMT Works2GX Works3AC Servo engineering software (MELSERVO)Inverter engineering software (FREQROL)Inverter engineering software (FREQROL)FR Configurator2HMI engineering software (GOT)HMI engineering software (GOT)Robot engineering software (MELFA)Robot engineering software (MELFA)RT VisualBoxRT ToolBox3NC Software ToolsNC Software ToolsNC Servo SelectionNC Designer2NC Configurator2NC Analyz,https://us.mitsubishielectric.com/fa/en/products/drv/inv/items/fr-a800-plus/,{},,,,
FR-D700 Series,FR-D700,,FR-A800 Plus,SupportSupportHere To HelpPartsPartsAfter-Hours Emergency Parts ShippingCore Credit ProgramLegacy ProductsLegacy ProductsAC ServosComputerized Numerical Controllers (CNCs)Human Machine Interfaces (HMIs)Inverters/VFDsProgrammable ControllersRobotsParts CatalogSpindle Amplifier UpgradeWarranty Exchange ProgramRepairs & ReturnsRepairs & ReturnsRepairsRobot RepairRepair StatusReturn CenterReturn CenterMR-J5 Field AdvisoryMR-J5 Replacement RequestSolicitud de sustitución del motor MR-J5 HKFR-D700 Field AdvisoryFR-D700 Currently in Use Replace and ReturnFR-D700 Utilizado actualmente Sustituir y devolver (Versión en español)Core CreditDamaged in TransitNon-Warranty RepairWarranty RepairCleaning & InspectingAuthorized Service CentersAuthorized Motor RepairResourcesResourcesCNC Dealer LocatorCNC De,https://us.mitsubishielectric.com/fa/en/products/drv/inv/items/fr-a800-plus/,{},,,https://us.mitsubishielectric.com/fa/en/img/header/Close.svg,mitsubishi_electric_downloads/images/General/FR-D700_Series_f28bda70.svg
FREQROLFR-A800 Series,FREQROLFR-A800,,FR-A800 Plus,"InquiriesWebsite HelpSupportJoin UsContact SalesSelect& QuoteShareEmailXFacebookLinkedInPartnersOEM LocatorSolutions PartnersDiamond PartnersDistributor LocatorProductsInverters-FREQROLFR-A800 Plus seriesInverters-FREQROLFR-A800 seriesFR-A800 Plus seriesFR-F seriesFR-E seriesFR-D SeriesFR-XC seriesDedicated inverter for specialized fields FR-A800 Plus series.The optimum functions for each dedicated field are added to the already high performance and high functionality of FR-A800 series inverter.More DetailsProduct ListFR-A800-CRNInverter with various functions ideal for a crane application such as reduction in tact time, load slippage prevention, etc.FR-A800-R2RThe FR-A800-R2R inverter has various dedicated functions such as winding diameter calculation, providing stable winding/unwinding ",https://us.mitsubishielectric.com/fa/en/products/drv/inv/items/fr-a800-plus/,{},,,https://us.mitsubishielectric.com/fa/en/-/media/images/webredesign/section-landing-hero/fa_logo.ashx?h=0&w=0&la=en&hash=DB652356755D2AABE5CF7FF653C05290; https://us.mitsubishielectric.com/fa/en/-/media/images/webredesign/products/drv/inv/items/fr_a800_plus/img/fr-a800plus-series-main-banner.ashx?h=496&w=880&la=en&hash=3B08C1B825F634340DAB6F87BF941D6A; https://us.mitsubishielectric.com/fa/en/-/media/images/webredesign/products/drv/inv/img/thumbnail-a800-plus.ashx?h=372&w=660&la=en&hash=F8F00D90BC6057DF64D176BECA4118DF; https://us.mitsubishielectric.com/fa/en/-/media/images/webredesign/products/drv/inv/img/thumbnail-a800.ashx?h=372&w=660&la=en&hash=B603D84E3883C91AA71F4901D1B94D4F; https://us.mitsubishielectric.com/fa/en/-/media/images/webredesign/products/drv/inv/items/fr_a800_plus/img/thumbnail-a800plus-lc.ashx?h=372&w=660&la=en&hash=2E3D3343A7DF0310C2DAA20896ED4CB2; https://us.mitsubishielectric.com/fa/en/-/media/images/webredesign/products/drv/inv/img/thumbnail-a800.ashx?h=372&w=660&la=en&hash=B603D84E3883C91AA71F4901D1B94D4F; https://us.mitsubishielectric.com/fa/en/-/media/images/webredesign/link-card-list-icons/icon_catalog.ashx; https://us.mitsubishielectric.com/fa/en/-/media/images/webredesign/link-card-list-icons/icon_tree.ashx; https://us.mitsubishielectric.com/fa/en/-/media/images/webredesign/products/drv/inv/img/l06098enga.ashx?h=208&w=147&la=en&hash=23E3A3894304EABC2F847AD7B86EA0E0; https://us.mitsubishielectric.com/fa/en/-/media/images/webredesign/link-card-list-icons/icon_catalog.ashx; https://us.mitsubishielectric.com/fa/en/-/media/images/webredesign/link-card-list-icons/icon_manual.ashx; https://us.mitsubishielectric.com/fa/en/-/media/images/webredesign/link-card-list-icons/icon_techinfo.ashx; https://us.mitsubishielectric.com/fa/en/-/media/images/webredesign/link-card-list-icons/icon_software.ashx; https://us.mitsubishielectric.com/fa/en/-/media/images/webredesign/products/assets/img/fa-e-learning-sm-banner.ashx?h=282&w=660&la=en&hash=3190B09DB44FD13AA020EB044184160B; https://us.mitsubishielectric.com/fa/en/-/media/images/webredesign/products/drv/inv/img/banner_simulation.ashx?h=282&w=660&la=en&hash=9409F1A53925346FFC7FED30F5042335; https://us.mitsubishielectric.com/fa/en/-/media/images/webredesign/products/drv/inv/img/banner_webcatalog.ashx?h=282&w=660&la=en&hash=F1FE0FE6C54A10221EF5A3DBDFCC32F1; https://us.mitsubishielectric.com/fa/en/-/media/images/webredesign/products/cnt/plcq/items/img/faist-202411-relatedlink-en.ashx?h=282&w=660&la=en&hash=4743C991996B535F2D08B6F49CEE3895; https://us.mitsubishielectric.com/fa/en/-/media/images/webredesign/link-card-list-icons/contact_sales.ashx; https://us.mitsubishielectric.com/fa/en/-/media/images/webredesign/link-card-list-icons/icon_silverline.ashx; https://us.mitsubishielectric.com/fa/en/-/media/images/webredesign/link-card-list-icons/join_us.ashx; https://us.mitsubishielectric.com/fa/en/-/media/images/webredesign/link-card-list-icons/icon_techinfo.ashx,mitsubishi_electric_downloads/images/General/FREQROLFR-A800_Series_0e958082.svg; mitsubishi_electric_downloads/images/General/FREQROLFR-A800_Series_1165a882.png; mitsubishi_electric_downloads/images/General/FREQROLFR-A800_Series_230242e2.jpg
FR-A800 Series,FR-A800,,FR-A800 Plus,"InquiriesWebsite HelpSupportJoin UsContact SalesSelect& QuoteShareEmailXFacebookLinkedInPartnersOEM LocatorSolutions PartnersDiamond PartnersDistributor LocatorProductsInverters-FREQROLFR-A800 Plus seriesInverters-FREQROLFR-A800 seriesFR-A800 Plus seriesFR-F seriesFR-E seriesFR-D SeriesFR-XC seriesDedicated inverter for specialized fields FR-A800 Plus series.The optimum functions for each dedicated field are added to the already high performance and high functionality of FR-A800 series inverter.More DetailsProduct ListFR-A800-CRNInverter with various functions ideal for a crane application such as reduction in tact time, load slippage prevention, etc.FR-A800-R2RThe FR-A800-R2R inverter has various dedicated functions such as winding diameter calculation, providing stable winding/unwinding ",https://us.mitsubishielectric.com/fa/en/products/drv/inv/items/fr-a800-plus/,{},,,https://us.mitsubishielectric.com/fa/en/-/media/images/webredesign/section-landing-hero/fa_logo.ashx?h=0&w=0&la=en&hash=DB652356755D2AABE5CF7FF653C05290; https://us.mitsubishielectric.com/fa/en/-/media/images/webredesign/products/drv/inv/items/fr_a800_plus/img/fr-a800plus-series-main-banner.ashx?h=496&w=880&la=en&hash=3B08C1B825F634340DAB6F87BF941D6A; https://us.mitsubishielectric.com/fa/en/-/media/images/webredesign/products/drv/inv/img/thumbnail-a800-plus.ashx?h=372&w=660&la=en&hash=F8F00D90BC6057DF64D176BECA4118DF; https://us.mitsubishielectric.com/fa/en/-/media/images/webredesign/products/drv/inv/img/thumbnail-a800.ashx?h=372&w=660&la=en&hash=B603D84E3883C91AA71F4901D1B94D4F; https://us.mitsubishielectric.com/fa/en/-/media/images/webredesign/products/drv/inv/items/fr_a800_plus/img/thumbnail-a800plus-lc.ashx?h=372&w=660&la=en&hash=2E3D3343A7DF0310C2DAA20896ED4CB2; https://us.mitsubishielectric.com/fa/en/-/media/images/webredesign/products/drv/inv/img/thumbnail-a800.ashx?h=372&w=660&la=en&hash=B603D84E3883C91AA71F4901D1B94D4F; https://us.mitsubishielectric.com/fa/en/-/media/images/webredesign/link-card-list-icons/icon_catalog.ashx; https://us.mitsubishielectric.com/fa/en/-/media/images/webredesign/link-card-list-icons/icon_tree.ashx; https://us.mitsubishielectric.com/fa/en/-/media/images/webredesign/products/drv/inv/img/l06098enga.ashx?h=208&w=147&la=en&hash=23E3A3894304EABC2F847AD7B86EA0E0; https://us.mitsubishielectric.com/fa/en/-/media/images/webredesign/link-card-list-icons/icon_catalog.ashx; https://us.mitsubishielectric.com/fa/en/-/media/images/webredesign/link-card-list-icons/icon_manual.ashx; https://us.mitsubishielectric.com/fa/en/-/media/images/webredesign/link-card-list-icons/icon_techinfo.ashx; https://us.mitsubishielectric.com/fa/en/-/media/images/webredesign/link-card-list-icons/icon_software.ashx; https://us.mitsubishielectric.com/fa/en/-/media/images/webredesign/products/assets/img/fa-e-learning-sm-banner.ashx?h=282&w=660&la=en&hash=3190B09DB44FD13AA020EB044184160B; https://us.mitsubishielectric.com/fa/en/-/media/images/webredesign/products/drv/inv/img/banner_simulation.ashx?h=282&w=660&la=en&hash=9409F1A53925346FFC7FED30F5042335; https://us.mitsubishielectric.com/fa/en/-/media/images/webredesign/products/drv/inv/img/banner_webcatalog.ashx?h=282&w=660&la=en&hash=F1FE0FE6C54A10221EF5A3DBDFCC32F1; https://us.mitsubishielectric.com/fa/en/-/media/images/webredesign/products/cnt/plcq/items/img/faist-202411-relatedlink-en.ashx?h=282&w=660&la=en&hash=4743C991996B535F2D08B6F49CEE3895; https://us.mitsubishielectric.com/fa/en/-/media/images/webredesign/link-card-list-icons/contact_sales.ashx; https://us.mitsubishielectric.com/fa/en/-/media/images/webredesign/link-card-list-icons/icon_silverline.ashx; https://us.mitsubishielectric.com/fa/en/-/media/images/webredesign/link-card-list-icons/join_us.ashx; https://us.mitsubishielectric.com/fa/en/-/media/images/webredesign/link-card-list-icons/icon_techinfo.ashx,
FREQROL-A800-LCRELEASE Series,FREQROL-A800-LCRELEASE,,FR-A800 Plus,"InquiriesWebsite HelpSupportJoin UsContact SalesSelect& QuoteShareEmailXFacebookLinkedInPartnersOEM LocatorSolutions PartnersDiamond PartnersDistributor LocatorProductsInverters-FREQROLFR-A800 Plus seriesInverters-FREQROLFR-A800 seriesFR-A800 Plus seriesFR-F seriesFR-E seriesFR-D SeriesFR-XC seriesDedicated inverter for specialized fields FR-A800 Plus series.The optimum functions for each dedicated field are added to the already high performance and high functionality of FR-A800 series inverter.More DetailsProduct ListFR-A800-CRNInverter with various functions ideal for a crane application such as reduction in tact time, load slippage prevention, etc.FR-A800-R2RThe FR-A800-R2R inverter has various dedicated functions such as winding diameter calculation, providing stable winding/unwinding ",https://us.mitsubishielectric.com/fa/en/products/drv/inv/items/fr-a800-plus/,{},,,https://us.mitsubishielectric.com/fa/en/-/media/images/webredesign/section-landing-hero/fa_logo.ashx?h=0&w=0&la=en&hash=DB652356755D2AABE5CF7FF653C05290; https://us.mitsubishielectric.com/fa/en/-/media/images/webredesign/products/drv/inv/items/fr_a800_plus/img/fr-a800plus-series-main-banner.ashx?h=496&w=880&la=en&hash=3B08C1B825F634340DAB6F87BF941D6A; https://us.mitsubishielectric.com/fa/en/-/media/images/webredesign/products/drv/inv/img/thumbnail-a800-plus.ashx?h=372&w=660&la=en&hash=F8F00D90BC6057DF64D176BECA4118DF; https://us.mitsubishielectric.com/fa/en/-/media/images/webredesign/products/drv/inv/img/thumbnail-a800.ashx?h=372&w=660&la=en&hash=B603D84E3883C91AA71F4901D1B94D4F; https://us.mitsubishielectric.com/fa/en/-/media/images/webredesign/products/drv/inv/items/fr_a800_plus/img/thumbnail-a800plus-lc.ashx?h=372&w=660&la=en&hash=2E3D3343A7DF0310C2DAA20896ED4CB2; https://us.mitsubishielectric.com/fa/en/-/media/images/webredesign/products/drv/inv/img/thumbnail-a800.ashx?h=372&w=660&la=en&hash=B603D84E3883C91AA71F4901D1B94D4F; https://us.mitsubishielectric.com/fa/en/-/media/images/webredesign/link-card-list-icons/icon_catalog.ashx; https://us.mitsubishielectric.com/fa/en/-/media/images/webredesign/link-card-list-icons/icon_tree.ashx; https://us.mitsubishielectric.com/fa/en/-/media/images/webredesign/products/drv/inv/img/l06098enga.ashx?h=208&w=147&la=en&hash=23E3A3894304EABC2F847AD7B86EA0E0; https://us.mitsubishielectric.com/fa/en/-/media/images/webredesign/link-card-list-icons/icon_catalog.ashx; https://us.mitsubishielectric.com/fa/en/-/media/images/webredesign/link-card-list-icons/icon_manual.ashx; https://us.mitsubishielectric.com/fa/en/-/media/images/webredesign/link-card-list-icons/icon_techinfo.ashx; https://us.mitsubishielectric.com/fa/en/-/media/images/webredesign/link-card-list-icons/icon_software.ashx; https://us.mitsubishielectric.com/fa/en/-/media/images/webredesign/products/assets/img/fa-e-learning-sm-banner.ashx?h=282&w=660&la=en&hash=3190B09DB44FD13AA020EB044184160B; https://us.mitsubishielectric.com/fa/en/-/media/images/webredesign/products/drv/inv/img/banner_simulation.ashx?h=282&w=660&la=en&hash=9409F1A53925346FFC7FED30F5042335; https://us.mitsubishielectric.com/fa/en/-/media/images/webredesign/products/drv/inv/img/banner_webcatalog.ashx?h=282&w=660&la=en&hash=F1FE0FE6C54A10221EF5A3DBDFCC32F1; https://us.mitsubishielectric.com/fa/en/-/media/images/webredesign/products/cnt/plcq/items/img/faist-202411-relatedlink-en.ashx?h=282&w=660&la=en&hash=4743C991996B535F2D08B6F49CEE3895; https://us.mitsubishielectric.com/fa/en/-/media/images/webredesign/link-card-list-icons/contact_sales.ashx; https://us.mitsubishielectric.com/fa/en/-/media/images/webredesign/link-card-list-icons/icon_silverline.ashx; https://us.mitsubishielectric.com/fa/en/-/media/images/webredesign/link-card-list-icons/join_us.ashx; https://us.mitsubishielectric.com/fa/en/-/media/images/webredesign/link-card-list-icons/icon_techinfo.ashx,
FREQROL-A800-AWHRELEASE Series,FREQROL-A800-AWHRELEASE,,FR-A800 Plus,"InquiriesWebsite HelpSupportJoin UsContact SalesSelect& QuoteShareEmailXFacebookLinkedInPartnersOEM LocatorSolutions PartnersDiamond PartnersDistributor LocatorProductsInverters-FREQROLFR-A800 Plus seriesInverters-FREQROLFR-A800 seriesFR-A800 Plus seriesFR-F seriesFR-E seriesFR-D SeriesFR-XC seriesDedicated inverter for specialized fields FR-A800 Plus series.The optimum functions for each dedicated field are added to the already high performance and high functionality of FR-A800 series inverter.More DetailsProduct ListFR-A800-CRNInverter with various functions ideal for a crane application such as reduction in tact time, load slippage prevention, etc.FR-A800-R2RThe FR-A800-R2R inverter has various dedicated functions such as winding diameter calculation, providing stable winding/unwinding ",https://us.mitsubishielectric.com/fa/en/products/drv/inv/items/fr-a800-plus/,{},,,https://us.mitsubishielectric.com/fa/en/-/media/images/webredesign/section-landing-hero/fa_logo.ashx?h=0&w=0&la=en&hash=DB652356755D2AABE5CF7FF653C05290; https://us.mitsubishielectric.com/fa/en/-/media/images/webredesign/products/drv/inv/items/fr_a800_plus/img/fr-a800plus-series-main-banner.ashx?h=496&w=880&la=en&hash=3B08C1B825F634340DAB6F87BF941D6A; https://us.mitsubishielectric.com/fa/en/-/media/images/webredesign/products/drv/inv/img/thumbnail-a800-plus.ashx?h=372&w=660&la=en&hash=F8F00D90BC6057DF64D176BECA4118DF; https://us.mitsubishielectric.com/fa/en/-/media/images/webredesign/products/drv/inv/img/thumbnail-a800.ashx?h=372&w=660&la=en&hash=B603D84E3883C91AA71F4901D1B94D4F; https://us.mitsubishielectric.com/fa/en/-/media/images/webredesign/products/drv/inv/items/fr_a800_plus/img/thumbnail-a800plus-lc.ashx?h=372&w=660&la=en&hash=2E3D3343A7DF0310C2DAA20896ED4CB2; https://us.mitsubishielectric.com/fa/en/-/media/images/webredesign/products/drv/inv/img/thumbnail-a800.ashx?h=372&w=660&la=en&hash=B603D84E3883C91AA71F4901D1B94D4F; https://us.mitsubishielectric.com/fa/en/-/media/images/webredesign/link-card-list-icons/icon_catalog.ashx; https://us.mitsubishielectric.com/fa/en/-/media/images/webredesign/link-card-list-icons/icon_tree.ashx; https://us.mitsubishielectric.com/fa/en/-/media/images/webredesign/products/drv/inv/img/l06098enga.ashx?h=208&w=147&la=en&hash=23E3A3894304EABC2F847AD7B86EA0E0; https://us.mitsubishielectric.com/fa/en/-/media/images/webredesign/link-card-list-icons/icon_catalog.ashx; https://us.mitsubishielectric.com/fa/en/-/media/images/webredesign/link-card-list-icons/icon_manual.ashx; https://us.mitsubishielectric.com/fa/en/-/media/images/webredesign/link-card-list-icons/icon_techinfo.ashx; https://us.mitsubishielectric.com/fa/en/-/media/images/webredesign/link-card-list-icons/icon_software.ashx; https://us.mitsubishielectric.com/fa/en/-/media/images/webredesign/products/assets/img/fa-e-learning-sm-banner.ashx?h=282&w=660&la=en&hash=3190B09DB44FD13AA020EB044184160B; https://us.mitsubishielectric.com/fa/en/-/media/images/webredesign/products/drv/inv/img/banner_simulation.ashx?h=282&w=660&la=en&hash=9409F1A53925346FFC7FED30F5042335; https://us.mitsubishielectric.com/fa/en/-/media/images/webredesign/products/drv/inv/img/banner_webcatalog.ashx?h=282&w=660&la=en&hash=F1FE0FE6C54A10221EF5A3DBDFCC32F1; https://us.mitsubishielectric.com/fa/en/-/media/images/webredesign/products/cnt/plcq/items/img/faist-202411-relatedlink-en.ashx?h=282&w=660&la=en&hash=4743C991996B535F2D08B6F49CEE3895; https://us.mitsubishielectric.com/fa/en/-/media/images/webredesign/link-card-list-icons/contact_sales.ashx; https://us.mitsubishielectric.com/fa/en/-/media/images/webredesign/link-card-list-icons/icon_silverline.ashx; https://us.mitsubishielectric.com/fa/en/-/media/images/webredesign/link-card-list-icons/join_us.ashx; https://us.mitsubishielectric.com/fa/en/-/media/images/webredesign/link-card-list-icons/icon_techinfo.ashx,
FREQROL-A800 Series,FREQROL-A800,,FR-A800 Plus,"InquiriesWebsite HelpSupportJoin UsContact SalesSelect& QuoteShareEmailXFacebookLinkedInPartnersOEM LocatorSolutions PartnersDiamond PartnersDistributor LocatorProductsInverters-FREQROLFR-A800 Plus seriesInverters-FREQROLFR-A800 seriesFR-A800 Plus seriesFR-F seriesFR-E seriesFR-D SeriesFR-XC seriesDedicated inverter for specialized fields FR-A800 Plus series.The optimum functions for each dedicated field are added to the already high performance and high functionality of FR-A800 series inverter.More DetailsProduct ListFR-A800-CRNInverter with various functions ideal for a crane application such as reduction in tact time, load slippage prevention, etc.FR-A800-R2RThe FR-A800-R2R inverter has various dedicated functions such as winding diameter calculation, providing stable winding/unwinding ",https://us.mitsubishielectric.com/fa/en/products/drv/inv/items/fr-a800-plus/,{},,,https://us.mitsubishielectric.com/fa/en/-/media/images/webredesign/section-landing-hero/fa_logo.ashx?h=0&w=0&la=en&hash=DB652356755D2AABE5CF7FF653C05290; https://us.mitsubishielectric.com/fa/en/-/media/images/webredesign/products/drv/inv/items/fr_a800_plus/img/fr-a800plus-series-main-banner.ashx?h=496&w=880&la=en&hash=3B08C1B825F634340DAB6F87BF941D6A; https://us.mitsubishielectric.com/fa/en/-/media/images/webredesign/products/drv/inv/img/thumbnail-a800-plus.ashx?h=372&w=660&la=en&hash=F8F00D90BC6057DF64D176BECA4118DF; https://us.mitsubishielectric.com/fa/en/-/media/images/webredesign/products/drv/inv/img/thumbnail-a800.ashx?h=372&w=660&la=en&hash=B603D84E3883C91AA71F4901D1B94D4F; https://us.mitsubishielectric.com/fa/en/-/media/images/webredesign/products/drv/inv/items/fr_a800_plus/img/thumbnail-a800plus-lc.ashx?h=372&w=660&la=en&hash=2E3D3343A7DF0310C2DAA20896ED4CB2; https://us.mitsubishielectric.com/fa/en/-/media/images/webredesign/products/drv/inv/img/thumbnail-a800.ashx?h=372&w=660&la=en&hash=B603D84E3883C91AA71F4901D1B94D4F; https://us.mitsubishielectric.com/fa/en/-/media/images/webredesign/link-card-list-icons/icon_catalog.ashx; https://us.mitsubishielectric.com/fa/en/-/media/images/webredesign/link-card-list-icons/icon_tree.ashx; https://us.mitsubishielectric.com/fa/en/-/media/images/webredesign/products/drv/inv/img/l06098enga.ashx?h=208&w=147&la=en&hash=23E3A3894304EABC2F847AD7B86EA0E0; https://us.mitsubishielectric.com/fa/en/-/media/images/webredesign/link-card-list-icons/icon_catalog.ashx; https://us.mitsubishielectric.com/fa/en/-/media/images/webredesign/link-card-list-icons/icon_manual.ashx; https://us.mitsubishielectric.com/fa/en/-/media/images/webredesign/link-card-list-icons/icon_techinfo.ashx; https://us.mitsubishielectric.com/fa/en/-/media/images/webredesign/link-card-list-icons/icon_software.ashx; https://us.mitsubishielectric.com/fa/en/-/media/images/webredesign/products/assets/img/fa-e-learning-sm-banner.ashx?h=282&w=660&la=en&hash=3190B09DB44FD13AA020EB044184160B; https://us.mitsubishielectric.com/fa/en/-/media/images/webredesign/products/drv/inv/img/banner_simulation.ashx?h=282&w=660&la=en&hash=9409F1A53925346FFC7FED30F5042335; https://us.mitsubishielectric.com/fa/en/-/media/images/webredesign/products/drv/inv/img/banner_webcatalog.ashx?h=282&w=660&la=en&hash=F1FE0FE6C54A10221EF5A3DBDFCC32F1; https://us.mitsubishielectric.com/fa/en/-/media/images/webredesign/products/cnt/plcq/items/img/faist-202411-relatedlink-en.ashx?h=282&w=660&la=en&hash=4743C991996B535F2D08B6F49CEE3895; https://us.mitsubishielectric.com/fa/en/-/media/images/webredesign/link-card-list-icons/contact_sales.ashx; https://us.mitsubishielectric.com/fa/en/-/media/images/webredesign/link-card-list-icons/icon_silverline.ashx; https://us.mitsubishielectric.com/fa/en/-/media/images/webredesign/link-card-list-icons/join_us.ashx; https://us.mitsubishielectric.com/fa/en/-/media/images/webredesign/link-card-list-icons/icon_techinfo.ashx,
FR-E800FR-E800 - World's smallest class inverter with high functionality,FR-E800,,FR-E Series,,https://us.mitsubishielectric.com/fa/en/products/drv/inv/items/fr-e-series/,{},,,,
"FR-E700Achieving the top level of driving performance in compact body, the inverter became more powerful.",FR-E700,,FR-E Series,,https://us.mitsubishielectric.com/fa/en/products/drv/inv/items/fr-e-series/,{},,,,
fr-e-series-main-banner,,,FR-E Series,,https://us.mitsubishielectric.com/fa/en/products/drv/inv/items/fr-e-series/,{},,,,
Inverters-FREQROLFR-E series,FR-E,,FR-E Series,"Simple, powerful, and compact inverter FR-E series.",https://us.mitsubishielectric.com/fa/en/products/drv/inv/items/fr-e-series/,{},C Language Controller; Programmable Logic Controller; Configured DrivesConfigured DrivesSolutions OverviewAir Handling and Pumping ApplicationsAdvanced Pump ControlCommercial Fan and Pump ApplicationsHeavy Duty Applications; Advanced Pump Control; Programmable Controllers MELSEC; Simple Application Controllers; Motion ControllersMotion ControllersMELSEC iQ-R SeriesMELSEC iQ-F SeriesMELSEC-Q seriesMELSEC-L seriesMotion Control SoftwareFA Application Package iQ MonozukuriEngineering Software; Motion Controllers; Motion Control Software; Computerized Numerical ControllersComputerized Numerical ControllersCNCDrive UnitsServo MotorsSpindle MotorsSoftware ToolsIoT-related Products,,https://us.mitsubishielectric.com/fa/en/-/media/images/webredesign/products/drv/inv/img/thumbnail-e800.ashx?h=372&w=660&la=en&hash=2CEAF6B962B1916FF0EE73AE480E8B6C; https://us.mitsubishielectric.com/fa/en/-/media/images/webredesign/products/drv/inv/img/thumbnail-d700.ashx?h=372&w=660&la=en&hash=0EDC53C2D1F02ADBCE6CC97517970A15; https://us.mitsubishielectric.com/fa/en/-/media/images/webredesign/products/drv/inv/img/l06131engd.ashx?h=350&w=248&la=en&hash=9BD545F0952E65BA0922E12CA651F5AE; https://us.mitsubishielectric.com/fa/en/-/media/images/webredesign/products/cnt/plcq/items/img/faist-202411-relatedlink-en.ashx?h=282&w=660&la=en&hash=4743C991996B535F2D08B6F49CEE3895,mitsubishi_electric_downloads/images/General/Inverters-FREQROLFR-E_series_607274b1.jpg; mitsubishi_electric_downloads/images/General/Inverters-FREQROLFR-E_series_27b5cbba.jpg; mitsubishi_electric_downloads/images/General/Inverters-FREQROLFR-E_series_6634fcef.jpg
FREQROLFR-E Series,FREQROLFR-E,,FR-E Series,"InquiriesWebsite HelpSupportJoin UsContact SalesSelect& QuoteShareEmailXFacebookLinkedInPartnersOEM LocatorSolutions PartnersDiamond PartnersDistributor LocatorProductsInverters-FREQROLFR-E seriesInverters-FREQROLFR-A800 seriesFR-A800 Plus seriesFR-F seriesFR-E seriesFR-D SeriesFR-XC seriesSimple, powerful, and compact inverter FR-E series.Design future manufacturingFR-E800 - World's smallest class inverter with high functionalityMore DetailsProduct ListFR-E800FR-E800 - World's smallest class inverter with high functionalityFR-E700Achieving the top level of driving performance in compact body, the inverter became more powerful.Product Selection GuideFA Integrated Selection ToolDownloadRecommended CatalogFREQROL-D800 SeriesBrochuresManuals (Login Required)Knowledge BaseSoftwareRelated Links",https://us.mitsubishielectric.com/fa/en/products/drv/inv/items/fr-e-series/,{},,,https://us.mitsubishielectric.com/fa/en/-/media/images/webredesign/section-landing-hero/fa_logo.ashx?h=0&w=0&la=en&hash=DB652356755D2AABE5CF7FF653C05290; https://us.mitsubishielectric.com/fa/en/-/media/images/webredesign/products/drv/inv/items/fr_e/img/fr-e-series-main-banner.ashx?h=496&w=880&la=en&hash=3ECF6D77AE676F7363356CC5936A82B7; https://us.mitsubishielectric.com/fa/en/-/media/images/webredesign/products/drv/inv/img/thumbnail-e800.ashx?h=372&w=660&la=en&hash=2CEAF6B962B1916FF0EE73AE480E8B6C; https://us.mitsubishielectric.com/fa/en/-/media/images/webredesign/products/drv/inv/img/thumbnail-d700.ashx?h=372&w=660&la=en&hash=0EDC53C2D1F02ADBCE6CC97517970A15; https://us.mitsubishielectric.com/fa/en/-/media/images/webredesign/link-card-list-icons/icon_catalog.ashx; https://us.mitsubishielectric.com/fa/en/-/media/images/webredesign/link-card-list-icons/icon_tree.ashx; https://us.mitsubishielectric.com/fa/en/-/media/images/webredesign/products/drv/inv/img/l06131engd.ashx?h=350&w=248&la=en&hash=9BD545F0952E65BA0922E12CA651F5AE; https://us.mitsubishielectric.com/fa/en/-/media/images/webredesign/link-card-list-icons/icon_catalog.ashx; https://us.mitsubishielectric.com/fa/en/-/media/images/webredesign/link-card-list-icons/icon_manual.ashx; https://us.mitsubishielectric.com/fa/en/-/media/images/webredesign/link-card-list-icons/icon_techinfo.ashx; https://us.mitsubishielectric.com/fa/en/-/media/images/webredesign/link-card-list-icons/icon_software.ashx; https://us.mitsubishielectric.com/fa/en/-/media/images/webredesign/products/assets/img/fa-e-learning-sm-banner.ashx?h=282&w=660&la=en&hash=3190B09DB44FD13AA020EB044184160B; https://us.mitsubishielectric.com/fa/en/-/media/images/webredesign/products/drv/inv/img/banner_simulation.ashx?h=282&w=660&la=en&hash=9409F1A53925346FFC7FED30F5042335; https://us.mitsubishielectric.com/fa/en/-/media/images/webredesign/products/drv/inv/img/banner_webcatalog.ashx?h=282&w=660&la=en&hash=F1FE0FE6C54A10221EF5A3DBDFCC32F1; https://us.mitsubishielectric.com/fa/en/-/media/images/webredesign/products/cnt/plcq/items/img/faist-202411-relatedlink-en.ashx?h=282&w=660&la=en&hash=4743C991996B535F2D08B6F49CEE3895; https://us.mitsubishielectric.com/fa/en/-/media/images/webredesign/link-card-list-icons/contact_sales.ashx; https://us.mitsubishielectric.com/fa/en/-/media/images/webredesign/link-card-list-icons/icon_silverline.ashx; https://us.mitsubishielectric.com/fa/en/-/media/images/webredesign/link-card-list-icons/join_us.ashx; https://us.mitsubishielectric.com/fa/en/-/media/images/webredesign/link-card-list-icons/icon_techinfo.ashx,mitsubishi_electric_downloads/images/General/FREQROLFR-E_Series_b6caf4c6.png; mitsubishi_electric_downloads/images/General/FREQROLFR-E_Series_607274b1.jpg
FR-E800 Series,FR-E800,,FR-E Series,"InquiriesWebsite HelpSupportJoin UsContact SalesSelect& QuoteShareEmailXFacebookLinkedInPartnersOEM LocatorSolutions PartnersDiamond PartnersDistributor LocatorProductsInverters-FREQROLFR-E seriesInverters-FREQROLFR-A800 seriesFR-A800 Plus seriesFR-F seriesFR-E seriesFR-D SeriesFR-XC seriesSimple, powerful, and compact inverter FR-E series.Design future manufacturingFR-E800 - World's smallest class inverter with high functionalityMore DetailsProduct ListFR-E800FR-E800 - World's smallest class inverter with high functionalityFR-E700Achieving the top level of driving performance in compact body, the inverter became more powerful.Product Selection GuideFA Integrated Selection ToolDownloadRecommended CatalogFREQROL-D800 SeriesBrochuresManuals (Login Required)Knowledge BaseSoftwareRelated Links",https://us.mitsubishielectric.com/fa/en/products/drv/inv/items/fr-e-series/,{},,,https://us.mitsubishielectric.com/fa/en/-/media/images/webredesign/section-landing-hero/fa_logo.ashx?h=0&w=0&la=en&hash=DB652356755D2AABE5CF7FF653C05290; https://us.mitsubishielectric.com/fa/en/-/media/images/webredesign/products/drv/inv/items/fr_e/img/fr-e-series-main-banner.ashx?h=496&w=880&la=en&hash=3ECF6D77AE676F7363356CC5936A82B7; https://us.mitsubishielectric.com/fa/en/-/media/images/webredesign/products/drv/inv/img/thumbnail-e800.ashx?h=372&w=660&la=en&hash=2CEAF6B962B1916FF0EE73AE480E8B6C; https://us.mitsubishielectric.com/fa/en/-/media/images/webredesign/products/drv/inv/img/thumbnail-d700.ashx?h=372&w=660&la=en&hash=0EDC53C2D1F02ADBCE6CC97517970A15; https://us.mitsubishielectric.com/fa/en/-/media/images/webredesign/link-card-list-icons/icon_catalog.ashx; https://us.mitsubishielectric.com/fa/en/-/media/images/webredesign/link-card-list-icons/icon_tree.ashx; https://us.mitsubishielectric.com/fa/en/-/media/images/webredesign/products/drv/inv/img/l06131engd.ashx?h=350&w=248&la=en&hash=9BD545F0952E65BA0922E12CA651F5AE; https://us.mitsubishielectric.com/fa/en/-/media/images/webredesign/link-card-list-icons/icon_catalog.ashx; https://us.mitsubishielectric.com/fa/en/-/media/images/webredesign/link-card-list-icons/icon_manual.ashx; https://us.mitsubishielectric.com/fa/en/-/media/images/webredesign/link-card-list-icons/icon_techinfo.ashx; https://us.mitsubishielectric.com/fa/en/-/media/images/webredesign/link-card-list-icons/icon_software.ashx; https://us.mitsubishielectric.com/fa/en/-/media/images/webredesign/products/assets/img/fa-e-learning-sm-banner.ashx?h=282&w=660&la=en&hash=3190B09DB44FD13AA020EB044184160B; https://us.mitsubishielectric.com/fa/en/-/media/images/webredesign/products/drv/inv/img/banner_simulation.ashx?h=282&w=660&la=en&hash=9409F1A53925346FFC7FED30F5042335; https://us.mitsubishielectric.com/fa/en/-/media/images/webredesign/products/drv/inv/img/banner_webcatalog.ashx?h=282&w=660&la=en&hash=F1FE0FE6C54A10221EF5A3DBDFCC32F1; https://us.mitsubishielectric.com/fa/en/-/media/images/webredesign/products/cnt/plcq/items/img/faist-202411-relatedlink-en.ashx?h=282&w=660&la=en&hash=4743C991996B535F2D08B6F49CEE3895; https://us.mitsubishielectric.com/fa/en/-/media/images/webredesign/link-card-list-icons/contact_sales.ashx; https://us.mitsubishielectric.com/fa/en/-/media/images/webredesign/link-card-list-icons/icon_silverline.ashx; https://us.mitsubishielectric.com/fa/en/-/media/images/webredesign/link-card-list-icons/join_us.ashx; https://us.mitsubishielectric.com/fa/en/-/media/images/webredesign/link-card-list-icons/icon_techinfo.ashx,mitsubishi_electric_downloads/images/General/FR-E800_Series_b6caf4c6.png; mitsubishi_electric_downloads/images/General/FR-E800_Series_607274b1.jpg
FR-E700 Series,FR-E700,,FR-E Series,"InquiriesWebsite HelpSupportJoin UsContact SalesSelect& QuoteShareEmailXFacebookLinkedInPartnersOEM LocatorSolutions PartnersDiamond PartnersDistributor LocatorProductsInverters-FREQROLFR-E seriesInverters-FREQROLFR-A800 seriesFR-A800 Plus seriesFR-F seriesFR-E seriesFR-D SeriesFR-XC seriesSimple, powerful, and compact inverter FR-E series.Design future manufacturingFR-E800 - World's smallest class inverter with high functionalityMore DetailsProduct ListFR-E800FR-E800 - World's smallest class inverter with high functionalityFR-E700Achieving the top level of driving performance in compact body, the inverter became more powerful.Product Selection GuideFA Integrated Selection ToolDownloadRecommended CatalogFREQROL-D800 SeriesBrochuresManuals (Login Required)Knowledge BaseSoftwareRelated Links",https://us.mitsubishielectric.com/fa/en/products/drv/inv/items/fr-e-series/,{},,,https://us.mitsubishielectric.com/fa/en/-/media/images/webredesign/section-landing-hero/fa_logo.ashx?h=0&w=0&la=en&hash=DB652356755D2AABE5CF7FF653C05290; https://us.mitsubishielectric.com/fa/en/-/media/images/webredesign/products/drv/inv/items/fr_e/img/fr-e-series-main-banner.ashx?h=496&w=880&la=en&hash=3ECF6D77AE676F7363356CC5936A82B7; https://us.mitsubishielectric.com/fa/en/-/media/images/webredesign/products/drv/inv/img/thumbnail-e800.ashx?h=372&w=660&la=en&hash=2CEAF6B962B1916FF0EE73AE480E8B6C; https://us.mitsubishielectric.com/fa/en/-/media/images/webredesign/products/drv/inv/img/thumbnail-d700.ashx?h=372&w=660&la=en&hash=0EDC53C2D1F02ADBCE6CC97517970A15; https://us.mitsubishielectric.com/fa/en/-/media/images/webredesign/link-card-list-icons/icon_catalog.ashx; https://us.mitsubishielectric.com/fa/en/-/media/images/webredesign/link-card-list-icons/icon_tree.ashx; https://us.mitsubishielectric.com/fa/en/-/media/images/webredesign/products/drv/inv/img/l06131engd.ashx?h=350&w=248&la=en&hash=9BD545F0952E65BA0922E12CA651F5AE; https://us.mitsubishielectric.com/fa/en/-/media/images/webredesign/link-card-list-icons/icon_catalog.ashx; https://us.mitsubishielectric.com/fa/en/-/media/images/webredesign/link-card-list-icons/icon_manual.ashx; https://us.mitsubishielectric.com/fa/en/-/media/images/webredesign/link-card-list-icons/icon_techinfo.ashx; https://us.mitsubishielectric.com/fa/en/-/media/images/webredesign/link-card-list-icons/icon_software.ashx; https://us.mitsubishielectric.com/fa/en/-/media/images/webredesign/products/assets/img/fa-e-learning-sm-banner.ashx?h=282&w=660&la=en&hash=3190B09DB44FD13AA020EB044184160B; https://us.mitsubishielectric.com/fa/en/-/media/images/webredesign/products/drv/inv/img/banner_simulation.ashx?h=282&w=660&la=en&hash=9409F1A53925346FFC7FED30F5042335; https://us.mitsubishielectric.com/fa/en/-/media/images/webredesign/products/drv/inv/img/banner_webcatalog.ashx?h=282&w=660&la=en&hash=F1FE0FE6C54A10221EF5A3DBDFCC32F1; https://us.mitsubishielectric.com/fa/en/-/media/images/webredesign/products/cnt/plcq/items/img/faist-202411-relatedlink-en.ashx?h=282&w=660&la=en&hash=4743C991996B535F2D08B6F49CEE3895; https://us.mitsubishielectric.com/fa/en/-/media/images/webredesign/link-card-list-icons/contact_sales.ashx; https://us.mitsubishielectric.com/fa/en/-/media/images/webredesign/link-card-list-icons/icon_silverline.ashx; https://us.mitsubishielectric.com/fa/en/-/media/images/webredesign/link-card-list-icons/join_us.ashx; https://us.mitsubishielectric.com/fa/en/-/media/images/webredesign/link-card-list-icons/icon_techinfo.ashx,
FREQROL-D800 Series,FREQROL-D800,,FR-E Series,"InquiriesWebsite HelpSupportJoin UsContact SalesSelect& QuoteShareEmailXFacebookLinkedInPartnersOEM LocatorSolutions PartnersDiamond PartnersDistributor LocatorProductsInverters-FREQROLFR-E seriesInverters-FREQROLFR-A800 seriesFR-A800 Plus seriesFR-F seriesFR-E seriesFR-D SeriesFR-XC seriesSimple, powerful, and compact inverter FR-E series.Design future manufacturingFR-E800 - World's smallest class inverter with high functionalityMore DetailsProduct ListFR-E800FR-E800 - World's smallest class inverter with high functionalityFR-E700Achieving the top level of driving performance in compact body, the inverter became more powerful.Product Selection GuideFA Integrated Selection ToolDownloadRecommended CatalogFREQROL-D800 SeriesBrochuresManuals (Login Required)Knowledge BaseSoftwareRelated Links",https://us.mitsubishielectric.com/fa/en/products/drv/inv/items/fr-e-series/,{},,,https://us.mitsubishielectric.com/fa/en/-/media/images/webredesign/section-landing-hero/fa_logo.ashx?h=0&w=0&la=en&hash=DB652356755D2AABE5CF7FF653C05290; https://us.mitsubishielectric.com/fa/en/-/media/images/webredesign/products/drv/inv/items/fr_e/img/fr-e-series-main-banner.ashx?h=496&w=880&la=en&hash=3ECF6D77AE676F7363356CC5936A82B7; https://us.mitsubishielectric.com/fa/en/-/media/images/webredesign/products/drv/inv/img/thumbnail-e800.ashx?h=372&w=660&la=en&hash=2CEAF6B962B1916FF0EE73AE480E8B6C; https://us.mitsubishielectric.com/fa/en/-/media/images/webredesign/products/drv/inv/img/thumbnail-d700.ashx?h=372&w=660&la=en&hash=0EDC53C2D1F02ADBCE6CC97517970A15; https://us.mitsubishielectric.com/fa/en/-/media/images/webredesign/link-card-list-icons/icon_catalog.ashx; https://us.mitsubishielectric.com/fa/en/-/media/images/webredesign/link-card-list-icons/icon_tree.ashx; https://us.mitsubishielectric.com/fa/en/-/media/images/webredesign/products/drv/inv/img/l06131engd.ashx?h=350&w=248&la=en&hash=9BD545F0952E65BA0922E12CA651F5AE; https://us.mitsubishielectric.com/fa/en/-/media/images/webredesign/link-card-list-icons/icon_catalog.ashx; https://us.mitsubishielectric.com/fa/en/-/media/images/webredesign/link-card-list-icons/icon_manual.ashx; https://us.mitsubishielectric.com/fa/en/-/media/images/webredesign/link-card-list-icons/icon_techinfo.ashx; https://us.mitsubishielectric.com/fa/en/-/media/images/webredesign/link-card-list-icons/icon_software.ashx; https://us.mitsubishielectric.com/fa/en/-/media/images/webredesign/products/assets/img/fa-e-learning-sm-banner.ashx?h=282&w=660&la=en&hash=3190B09DB44FD13AA020EB044184160B; https://us.mitsubishielectric.com/fa/en/-/media/images/webredesign/products/drv/inv/img/banner_simulation.ashx?h=282&w=660&la=en&hash=9409F1A53925346FFC7FED30F5042335; https://us.mitsubishielectric.com/fa/en/-/media/images/webredesign/products/drv/inv/img/banner_webcatalog.ashx?h=282&w=660&la=en&hash=F1FE0FE6C54A10221EF5A3DBDFCC32F1; https://us.mitsubishielectric.com/fa/en/-/media/images/webredesign/products/cnt/plcq/items/img/faist-202411-relatedlink-en.ashx?h=282&w=660&la=en&hash=4743C991996B535F2D08B6F49CEE3895; https://us.mitsubishielectric.com/fa/en/-/media/images/webredesign/link-card-list-icons/contact_sales.ashx; https://us.mitsubishielectric.com/fa/en/-/media/images/webredesign/link-card-list-icons/icon_silverline.ashx; https://us.mitsubishielectric.com/fa/en/-/media/images/webredesign/link-card-list-icons/join_us.ashx; https://us.mitsubishielectric.com/fa/en/-/media/images/webredesign/link-card-list-icons/icon_techinfo.ashx,
Série FR-A,FR-A,,FR-A Series,,https://fr-mitsubishielectric.ca/fa/fr/products/drv/inverters-freqrol/,{},,,,
Série FR-A800 Plus,FR-A800 PLUS,,FR-A800 Plus,,https://fr-mitsubishielectric.ca/fa/fr/products/drv/inverters-freqrol/,{},,,,
Série FR-F,FR-F,,FR-F Series,,https://fr-mitsubishielectric.ca/fa/fr/products/drv/inverters-freqrol/,{},,,,
Série FR-E,FR-E,,FR-E Series,,https://fr-mitsubishielectric.ca/fa/fr/products/drv/inverters-freqrol/,{},,,,
Série FR-D,FR-D,,FR-D Series,,https://fr-mitsubishielectric.ca/fa/fr/products/drv/inverters-freqrol/,{},,,,
FR-D700 Conseils sur le terrain,FR-D700,,FR-D Series,FR-D700 Conseils sur le terrain,https://fr-mitsubishielectric.ca/fa/fr/products/drv/inverters-freqrol/,{},,,,
,FR-A,,FR-A Series,,https://fr-mitsubishielectric.ca/fa/fr/products/drv/inverters-freqrol/,{},,,,
Série FR-A800 PlusLes fonctions optimales pour chaque champ dédié sont ajoutées aux performances et aux fonctionnalités déjà élevées des onduleurs de la série FR-A800.,FR-A800 PLUS,,FR-A800 Plus,,https://fr-mitsubishielectric.ca/fa/fr/products/drv/inverters-freqrol/,{},,,,
"Série FR-FOnduleur économe en énergie nouvelle génération amélioré. Diverses fonctions sont équipées, idéales pour les ventilateurs et les pompes.",FR-F,,FR-F Series,,https://fr-mitsubishielectric.ca/fa/fr/products/drv/inverters-freqrol/,{},,,,
"Série FR-EAtteignant le meilleur niveau de performance de conduite dans un boîtier compact, l’onduleur est devenu plus puissant.",FR-E,,FR-E Series,,https://fr-mitsubishielectric.ca/fa/fr/products/drv/inverters-freqrol/,{},,,,
Série FR-DLa série de micro-entraînements compacts de référence qui offre une fiabilité exceptionnelle et un fonctionnement sans entretien.,FR-D,,FR-D Series,,https://fr-mitsubishielectric.ca/fa/fr/products/drv/inverters-freqrol/,{},,,,
vignette-fr-conf2,,,General,,https://fr-mitsubishielectric.ca/fa/fr/products/drv/inverters-freqrol/,{},,,,
vignette-fr-conf-m,,,General,,https://fr-mitsubishielectric.ca/fa/fr/products/drv/inverters-freqrol/,{},,,,
FREQROLONDULEURS-FREQROLSÉRIE Series,FREQROLONDULEURS-FREQROLSÉRIE,,General,Servos CA-MELSERVOServos CA-MELSERVOMELSERVO-J5MELSERVO-JETMELSERVO-J4MELSERVO-JEMELSERVO-JNMELSERVO AutresLogiciel de soutien des servomoteursOnduleurs-FREQROLOnduleurs-FREQROLSérie FR-ASérie FR-A800 PlusSérie FR-FSérie FR-ESérie FR-DLogiciel d’ingénierie,https://fr-mitsubishielectric.ca/fa/fr/products/drv/inverters-freqrol/,{},,,,
FR-A Series,FR-A,,FR-A Series,Servos CA-MELSERVOServos CA-MELSERVOMELSERVO-J5MELSERVO-JETMELSERVO-J4MELSERVO-JEMELSERVO-JNMELSERVO AutresLogiciel de soutien des servomoteursOnduleurs-FREQROLOnduleurs-FREQROLSérie FR-ASérie FR-A800 PlusSérie FR-FSérie FR-ESérie FR-DLogiciel d’ingénierie,https://fr-mitsubishielectric.ca/fa/fr/products/drv/inverters-freqrol/,{},,,,
FREQROLSÉRIE Series,FREQROLSÉRIE,,General,Onduleurs-FREQROLSérie FR-ASérie FR-A800 PlusSérie FR-FSérie FR-ESérie FR-DLogiciel d’ingénierie,https://fr-mitsubishielectric.ca/fa/fr/products/drv/inverters-freqrol/,{},,,,
FREQROL)INGÉNIERIE Series,FREQROL)INGÉNIERIE,,General,Ingénierie intégrée softwareIngénierie intégrée softwareiQ fonctionnePortail d’application iQPLC ingénierie software (MELSEC)PLC ingénierie software (MELSEC)iQ fonctionneGX Works3GX Works2Développeur PXComposant MXFeuille MXGX VideoViewer ProGX LogViewerFieldDeviceConfiguratorOutil d’assistance au développement de périphériquesAutres outils de soutien au développementIngénierie du contrôleur de mouvement softwareIngénierie du contrôleur de mouvement softwareMT Works2GX Works3Ingénierie servo CA software (MELSERVO)Ingénierie de l'onduleur software (FREQROL)Ingénierie de l'onduleur software (FREQROL)Configurator2HMI ingénierie software (GOT)HMI ingénierie software (GOT)Ingénierie robot software (MELFA)Ingénierie robot software (MELFA)Boîte visuelle RTToolBox3Outils logiciels NCOutils logicie,https://fr-mitsubishielectric.ca/fa/fr/products/drv/inverters-freqrol/,{},,,,
FREQROL)CONFIGURATOR2HMI Series,FREQROL)CONFIGURATOR2HMI,,Software,Ingénierie intégrée softwareIngénierie intégrée softwareiQ fonctionnePortail d’application iQPLC ingénierie software (MELSEC)PLC ingénierie software (MELSEC)iQ fonctionneGX Works3GX Works2Développeur PXComposant MXFeuille MXGX VideoViewer ProGX LogViewerFieldDeviceConfiguratorOutil d’assistance au développement de périphériquesAutres outils de soutien au développementIngénierie du contrôleur de mouvement softwareIngénierie du contrôleur de mouvement softwareMT Works2GX Works3Ingénierie servo CA software (MELSERVO)Ingénierie de l'onduleur software (FREQROL)Ingénierie de l'onduleur software (FREQROL)Configurator2HMI ingénierie software (GOT)HMI ingénierie software (GOT)Ingénierie robot software (MELFA)Ingénierie robot software (MELFA)Boîte visuelle RTToolBox3Outils logiciels NCOutils logicie,https://fr-mitsubishielectric.ca/fa/fr/products/drv/inverters-freqrol/,{},,,,
FREQROL)CONFIGURATOR2 Series,FREQROL)CONFIGURATOR2,,Software,Ingénierie de l'onduleur software (FREQROL)Configurator2,https://fr-mitsubishielectric.ca/fa/fr/products/drv/inverters-freqrol/,{},,,,
FREQROL Series,FREQROL,,General,ProduitsServos CA-MELSERVOOnduleurs-FREQROL,https://fr-mitsubishielectric.ca/fa/fr/products/drv/inverters-freqrol/,{},,,,
FREQROL-A800BROCHURESMANUELBASE Series,FREQROL-A800BROCHURESMANUELBASE,,General,TéléchargerCatalogue recommandéSérie FREQROL-A800BrochuresManuelBase de connaissancesLogiciel,https://fr-mitsubishielectric.ca/fa/fr/products/drv/inverters-freqrol/,{},,,https://us.mitsubishielectric.com/fa/fr/-/media/images/webredesign/products/drv/inv/img/l06075engh.ashx?h=207&w=147&la=en&hash=31E71EAD61ED4A6A814EBDDAA90A8E82; https://us.mitsubishielectric.com/fa/fr/-/media/images/webredesign/link-card-list-icons/icon_catalog.ashx; https://us.mitsubishielectric.com/fa/fr/-/media/images/webredesign/link-card-list-icons/icon_manual.ashx; https://us.mitsubishielectric.com/fa/fr/-/media/images/webredesign/link-card-list-icons/icon_techinfo.ashx; https://us.mitsubishielectric.com/fa/fr/-/media/images/webredesign/link-card-list-icons/icon_software.ashx,
FREQROLFR Series,FREQROLFR,,General,"InquiriesWebsite HelpSupportJoin UsContact SalesSelect& QuoteShareEmailXFacebookLinkedInPartnersOEM LocatorSolutions PartnersDiamond PartnersDistributor LocatorInverters-FREQROL Software FR Configurator MobileFeatureInverters-FREQROLFR Configurator2FR Configurator MobileMobile app for invertersFR Configurator MobileCheck the occurrence of an error with the app, and quickly identify the problem.[Compatible inverters]FR-A800-E／FR-F800-E／FR-E800-E／FR-E800-SCEFeatureInverters can be checked and operatedusing smart phones or tablets.The app displays inverter errors.The display is linked to the error information list of the Mitsubishi Electric FA Global Website, enabling quick checking of the description,cause, and action without searching.This will shorten the analysis time when a problem occur",https://us.mitsubishielectric.com/fa/en/products/drv/inv/smerit/fr-configurator-mobile/,{},,,https://us.mitsubishielectric.com/fa/en/-/media/images/webredesign/section-landing-hero/fa_logo.ashx; https://us.mitsubishielectric.com/fa/en/-/media/images/webredesign/products/assets/img/img-mv-1-sm.ashx; https://us.mitsubishielectric.com/fa/en/-/media/images/webredesign/hero-banner/automatingtheworld_logo.ashx; https://us.mitsubishielectric.com/fa/en/-/media/Images/WebRedesign/products/drv/inv/img/thumbnail-fr-conf_m; https://us.mitsubishielectric.com/fa/en/-/media/Images/WebRedesign/products/drv/inv/img/button_google_play; https://us.mitsubishielectric.com/fa/en/-/media/Images/WebRedesign/products/drv/inv/img/button_appstore; https://us.mitsubishielectric.com/fa/en/-/media/Images/WebRedesign/products/drv/inv/img/mobile_02; https://us.mitsubishielectric.com/fa/en/-/media/Images/WebRedesign/products/drv/inv/img/mobile_03; https://us.mitsubishielectric.com/fa/en/-/media/Images/WebRedesign/products/drv/inv/img/mobile_04; https://us.mitsubishielectric.com/fa/en/-/media/Images/WebRedesign/products/drv/inv/img/mobile_05; https://us.mitsubishielectric.com/fa/en/-/media/Images/WebRedesign/products/drv/inv/img/mobile_06; https://us.mitsubishielectric.com/fa/en/-/media/Images/WebRedesign/products/drv/inv/img/mobile_07; https://us.mitsubishielectric.com/fa/en/-/media/Images/WebRedesign/products/drv/inv/img/mobile_08; https://us.mitsubishielectric.com/fa/en/-/media/Images/WebRedesign/products/drv/inv/img/mobile_09; https://us.mitsubishielectric.com/fa/en/-/media/Images/WebRedesign/products/drv/inv/img/mobile_11; https://us.mitsubishielectric.com/fa/en/-/media/Images/WebRedesign/products/drv/inv/img/mobile_10,mitsubishi_electric_downloads/images/General/FREQROLFR_Series_62a39cf6.svg; mitsubishi_electric_downloads/images/General/FREQROLFR_Series_e7c1e945.jpg; mitsubishi_electric_downloads/images/General/FREQROLFR_Series_7aa6839a.svg
FR-F800 Series,FR-F800,,FR-F Series,"InquiriesWebsite HelpSupportJoin UsContact SalesSelect& QuoteShareEmailXFacebookLinkedInPartnersOEM LocatorSolutions PartnersDiamond PartnersDistributor LocatorInverters-FREQROL Software FR Configurator MobileFeatureInverters-FREQROLFR Configurator2FR Configurator MobileMobile app for invertersFR Configurator MobileCheck the occurrence of an error with the app, and quickly identify the problem.[Compatible inverters]FR-A800-E／FR-F800-E／FR-E800-E／FR-E800-SCEFeatureInverters can be checked and operatedusing smart phones or tablets.The app displays inverter errors.The display is linked to the error information list of the Mitsubishi Electric FA Global Website, enabling quick checking of the description,cause, and action without searching.This will shorten the analysis time when a problem occur",https://us.mitsubishielectric.com/fa/en/products/drv/inv/smerit/fr-configurator-mobile/,{},,,https://us.mitsubishielectric.com/fa/en/-/media/images/webredesign/section-landing-hero/fa_logo.ashx; https://us.mitsubishielectric.com/fa/en/-/media/images/webredesign/products/assets/img/img-mv-1-sm.ashx; https://us.mitsubishielectric.com/fa/en/-/media/images/webredesign/hero-banner/automatingtheworld_logo.ashx; https://us.mitsubishielectric.com/fa/en/-/media/Images/WebRedesign/products/drv/inv/img/thumbnail-fr-conf_m; https://us.mitsubishielectric.com/fa/en/-/media/Images/WebRedesign/products/drv/inv/img/button_google_play; https://us.mitsubishielectric.com/fa/en/-/media/Images/WebRedesign/products/drv/inv/img/button_appstore; https://us.mitsubishielectric.com/fa/en/-/media/Images/WebRedesign/products/drv/inv/img/mobile_02; https://us.mitsubishielectric.com/fa/en/-/media/Images/WebRedesign/products/drv/inv/img/mobile_03; https://us.mitsubishielectric.com/fa/en/-/media/Images/WebRedesign/products/drv/inv/img/mobile_04; https://us.mitsubishielectric.com/fa/en/-/media/Images/WebRedesign/products/drv/inv/img/mobile_05; https://us.mitsubishielectric.com/fa/en/-/media/Images/WebRedesign/products/drv/inv/img/mobile_06; https://us.mitsubishielectric.com/fa/en/-/media/Images/WebRedesign/products/drv/inv/img/mobile_07; https://us.mitsubishielectric.com/fa/en/-/media/Images/WebRedesign/products/drv/inv/img/mobile_08; https://us.mitsubishielectric.com/fa/en/-/media/Images/WebRedesign/products/drv/inv/img/mobile_09; https://us.mitsubishielectric.com/fa/en/-/media/Images/WebRedesign/products/drv/inv/img/mobile_11; https://us.mitsubishielectric.com/fa/en/-/media/Images/WebRedesign/products/drv/inv/img/mobile_10,mitsubishi_electric_downloads/images/General/FR-F800_Series_62a39cf6.svg; mitsubishi_electric_downloads/images/General/FR-F800_Series_e7c1e945.jpg; mitsubishi_electric_downloads/images/General/FR-F800_Series_7aa6839a.svg
"FR-A seriesHigh performance and high quality new inverter of the highest level.
With the enhanced drive performance and usability, the inverter is compliant with applicable safety standards.",FR-A,,FR-A Series,,https://us.mitsubishielectric.com/fa/en/products/drv/inverters-freqrol/,{},,,,
FR-A800 Plus seriesThe optimum functions for each dedicated field are added to the already high performance and high functionality of FR-A800 series inverter.,FR-A800 PLUS,,FR-A800 Plus,,https://us.mitsubishielectric.com/fa/en/products/drv/inverters-freqrol/,{},,,,
FR-F seriesEnhanced next-generation energy-saving inverter.Equipped various functions ideal for fans and pumps.,FR-F,,FR-F Series,,https://us.mitsubishielectric.com/fa/en/products/drv/inverters-freqrol/,{},,,,
"FR-E seriesAchieving the top level of driving performance in compact body, the inverter became more powerful.",FR-E,,FR-E Series,,https://us.mitsubishielectric.com/fa/en/products/drv/inverters-freqrol/,{},,,,
FR-D seriesThe compact micro drive series benchmark that provides exceptional reliability and maintenance free operation.,FR-D,,FR-D Series,,https://us.mitsubishielectric.com/fa/en/products/drv/inverters-freqrol/,{},,,,
thumbnail-fr-conf2,,,General,,https://us.mitsubishielectric.com/fa/en/products/drv/inverters-freqrol/,{},,,,
thumbnail-fr-conf-m,,,General,,https://us.mitsubishielectric.com/fa/en/products/drv/inverters-freqrol/,{},,,,
"FREQROL-XC seriesChoose the suitable function for your needs by using the FR-XC converter with the FR-XCB, FR-XCL, or FR-XCG reactor.",FREQROL-XC,,Converter,,https://us.mitsubishielectric.com/fa/en/products/drv/inv/items/fr-xc-series/,{},,,https://us.mitsubishielectric.com/fa/en/-/media/images/webredesign/products/drv/inv/items/conv/img/fr-xc-series-main-banner.ashx?h=496&w=880&la=en&hash=8AA022D4B5D3E2769DDCF1469F0A29C3,mitsubishi_electric_downloads/images/Converters/FREQROL-XC_seriesChoose_the_su_65bc2bb4.png
fr-xc-series-main-banner,,,General,,https://us.mitsubishielectric.com/fa/en/products/drv/inv/items/fr-xc-series/,{},,,,
FREQROLFEATURESLINEUPFR-A800 Series,FREQROLFEATURESLINEUPFR-A800,,FR-A800 Plus,"InquiriesWebsite HelpSupportJoin UsContact SalesSelect& QuoteShareEmailXFacebookLinkedInPartnersOEM LocatorSolutions PartnersDiamond PartnersDistributor LocatorProductsInverters-FREQROL Multifunction Regeneration Converter FR-XC seriesInverters-FREQROLFeaturesLineupFR-A800 seriesFR-A800 Plus seriesFR-F seriesFR-E seriesFR-D SeriesFR-XC seriesMultifunction Regeneration Converter FR-XC seriesSingle Solution for Both Harmonic Suppression and Power RegenerationMore DetailsProduct ListFREQROL-XC seriesChoose the suitable function for your needs by using the FR-XC converter with the FR-XCB, FR-XCL, or FR-XCG reactor.Product Selection GuideFA Integrated Selection ToolDownloadRecommended CatalogFREQROL-XC SeriesBrochureManuals (Login Required)Knowledge BaseSoftwareRelated LinksHow Can We Help You?",https://us.mitsubishielectric.com/fa/en/products/drv/inv/items/fr-xc-series/,{},,,https://us.mitsubishielectric.com/fa/en/-/media/images/webredesign/section-landing-hero/fa_logo.ashx?h=0&w=0&la=en&hash=DB652356755D2AABE5CF7FF653C05290; https://us.mitsubishielectric.com/fa/en/-/media/images/webredesign/products/drv/inv/items/conv/img/fr-xc-series-main-banner.ashx?h=496&w=880&la=en&hash=8AA022D4B5D3E2769DDCF1469F0A29C3; https://us.mitsubishielectric.com/fa/en/-/media/images/webredesign/products/drv/inv/items/conv/img/fr-xc-series-main-banner.ashx?h=496&w=880&la=en&hash=8AA022D4B5D3E2769DDCF1469F0A29C3; https://us.mitsubishielectric.com/fa/en/-/media/images/webredesign/link-card-list-icons/icon_catalog.ashx; https://us.mitsubishielectric.com/fa/en/-/media/images/webredesign/link-card-list-icons/icon_tree.ashx; https://us.mitsubishielectric.com/fa/en/-/media/images/webredesign/products/catalogs/l06116enge.ashx?h=350&w=248&la=en&hash=9FE2853C5139BF622A9FB772C08500CF; https://us.mitsubishielectric.com/fa/en/-/media/images/webredesign/link-card-list-icons/icon_catalog.ashx; https://us.mitsubishielectric.com/fa/en/-/media/images/webredesign/link-card-list-icons/icon_manual.ashx; https://us.mitsubishielectric.com/fa/en/-/media/images/webredesign/link-card-list-icons/icon_techinfo.ashx; https://us.mitsubishielectric.com/fa/en/-/media/images/webredesign/link-card-list-icons/icon_software.ashx; https://us.mitsubishielectric.com/fa/en/-/media/images/webredesign/products/drv/inv/img/banner_simulation.ashx?h=282&w=660&la=en&hash=9409F1A53925346FFC7FED30F5042335; https://us.mitsubishielectric.com/fa/en/-/media/images/webredesign/products/assets/img/fa-e-learning-sm-banner.ashx?h=282&w=660&la=en&hash=3190B09DB44FD13AA020EB044184160B; https://us.mitsubishielectric.com/fa/en/-/media/images/webredesign/products/drv/inv/img/banner_webcatalog.ashx?h=282&w=660&la=en&hash=F1FE0FE6C54A10221EF5A3DBDFCC32F1; https://us.mitsubishielectric.com/fa/en/-/media/images/webredesign/products/cnt/plcq/items/img/faist-202411-relatedlink-en.ashx?h=282&w=660&la=en&hash=4743C991996B535F2D08B6F49CEE3895; https://us.mitsubishielectric.com/fa/en/-/media/images/webredesign/link-card-list-icons/contact_sales.ashx; https://us.mitsubishielectric.com/fa/en/-/media/images/webredesign/link-card-list-icons/icon_silverline.ashx; https://us.mitsubishielectric.com/fa/en/-/media/images/webredesign/link-card-list-icons/join_us.ashx; https://us.mitsubishielectric.com/fa/en/-/media/images/webredesign/link-card-list-icons/icon_techinfo.ashx,mitsubishi_electric_downloads/images/General/FREQROLFEATURESLINEUPFR-A800_S_65bc2bb4.png; mitsubishi_electric_downloads/images/General/FREQROLFEATURESLINEUPFR-A800_S_65bc2bb4.png
FREQROL-XC Series,FREQROL-XC,,General,"InquiriesWebsite HelpSupportJoin UsContact SalesSelect& QuoteShareEmailXFacebookLinkedInPartnersOEM LocatorSolutions PartnersDiamond PartnersDistributor LocatorProductsInverters-FREQROL Multifunction Regeneration Converter FR-XC seriesInverters-FREQROLFeaturesLineupFR-A800 seriesFR-A800 Plus seriesFR-F seriesFR-E seriesFR-D SeriesFR-XC seriesMultifunction Regeneration Converter FR-XC seriesSingle Solution for Both Harmonic Suppression and Power RegenerationMore DetailsProduct ListFREQROL-XC seriesChoose the suitable function for your needs by using the FR-XC converter with the FR-XCB, FR-XCL, or FR-XCG reactor.Product Selection GuideFA Integrated Selection ToolDownloadRecommended CatalogFREQROL-XC SeriesBrochureManuals (Login Required)Knowledge BaseSoftwareRelated LinksHow Can We Help You?",https://us.mitsubishielectric.com/fa/en/products/drv/inv/items/fr-xc-series/,{},,,https://us.mitsubishielectric.com/fa/en/-/media/images/webredesign/section-landing-hero/fa_logo.ashx?h=0&w=0&la=en&hash=DB652356755D2AABE5CF7FF653C05290; https://us.mitsubishielectric.com/fa/en/-/media/images/webredesign/products/drv/inv/items/conv/img/fr-xc-series-main-banner.ashx?h=496&w=880&la=en&hash=8AA022D4B5D3E2769DDCF1469F0A29C3; https://us.mitsubishielectric.com/fa/en/-/media/images/webredesign/products/drv/inv/items/conv/img/fr-xc-series-main-banner.ashx?h=496&w=880&la=en&hash=8AA022D4B5D3E2769DDCF1469F0A29C3; https://us.mitsubishielectric.com/fa/en/-/media/images/webredesign/link-card-list-icons/icon_catalog.ashx; https://us.mitsubishielectric.com/fa/en/-/media/images/webredesign/link-card-list-icons/icon_tree.ashx; https://us.mitsubishielectric.com/fa/en/-/media/images/webredesign/products/catalogs/l06116enge.ashx?h=350&w=248&la=en&hash=9FE2853C5139BF622A9FB772C08500CF; https://us.mitsubishielectric.com/fa/en/-/media/images/webredesign/link-card-list-icons/icon_catalog.ashx; https://us.mitsubishielectric.com/fa/en/-/media/images/webredesign/link-card-list-icons/icon_manual.ashx; https://us.mitsubishielectric.com/fa/en/-/media/images/webredesign/link-card-list-icons/icon_techinfo.ashx; https://us.mitsubishielectric.com/fa/en/-/media/images/webredesign/link-card-list-icons/icon_software.ashx; https://us.mitsubishielectric.com/fa/en/-/media/images/webredesign/products/drv/inv/img/banner_simulation.ashx?h=282&w=660&la=en&hash=9409F1A53925346FFC7FED30F5042335; https://us.mitsubishielectric.com/fa/en/-/media/images/webredesign/products/assets/img/fa-e-learning-sm-banner.ashx?h=282&w=660&la=en&hash=3190B09DB44FD13AA020EB044184160B; https://us.mitsubishielectric.com/fa/en/-/media/images/webredesign/products/drv/inv/img/banner_webcatalog.ashx?h=282&w=660&la=en&hash=F1FE0FE6C54A10221EF5A3DBDFCC32F1; https://us.mitsubishielectric.com/fa/en/-/media/images/webredesign/products/cnt/plcq/items/img/faist-202411-relatedlink-en.ashx?h=282&w=660&la=en&hash=4743C991996B535F2D08B6F49CEE3895; https://us.mitsubishielectric.com/fa/en/-/media/images/webredesign/link-card-list-icons/contact_sales.ashx; https://us.mitsubishielectric.com/fa/en/-/media/images/webredesign/link-card-list-icons/icon_silverline.ashx; https://us.mitsubishielectric.com/fa/en/-/media/images/webredesign/link-card-list-icons/join_us.ashx; https://us.mitsubishielectric.com/fa/en/-/media/images/webredesign/link-card-list-icons/icon_techinfo.ashx,mitsubishi_electric_downloads/images/General/FREQROL-XC_Series_65bc2bb4.png
"FR-D700In addition to the improved reliability and easy maintenance, pursued easier use and better performance.",FR-D700,,FR-D Series,,https://us.mitsubishielectric.com/fa/en/products/drv/inv/items/fr-d-series/,{},,,,
fr-d-series-main-banner,,,FR-D Series,,https://us.mitsubishielectric.com/fa/en/products/drv/inv/items/fr-d-series/,{},,,,
fr-d700-brochure,,,FR-D Series,,https://us.mitsubishielectric.com/fa/en/products/drv/inv/items/fr-d-series/,{},,,,
Inverters-FREQROLFR-D series,FR-D,,FR-D Series,,https://us.mitsubishielectric.com/fa/en/products/drv/inv/items/fr-d-series/,{},C Language Controller; Programmable Logic Controller; Configured DrivesConfigured DrivesSolutions OverviewAir Handling and Pumping ApplicationsAdvanced Pump ControlCommercial Fan and Pump ApplicationsHeavy Duty Applications; Advanced Pump Control; Programmable Controllers MELSEC; Simple Application Controllers; Motion ControllersMotion ControllersMELSEC iQ-R SeriesMELSEC iQ-F SeriesMELSEC-Q seriesMELSEC-L seriesMotion Control SoftwareFA Application Package iQ MonozukuriEngineering Software; Motion Controllers; Motion Control Software; Computerized Numerical ControllersComputerized Numerical ControllersCNCDrive UnitsServo MotorsSpindle MotorsSoftware ToolsIoT-related Products,,https://us.mitsubishielectric.com/fa/en/-/media/images/webredesign/products/drv/inv/items/fr_d/img/d700new.ashx?h=372&w=660&la=en&hash=E3E1A4792D5A43FA1646299422B1CD34; https://us.mitsubishielectric.com/fa/en/-/media/images/webredesign/products/catalogs/drv/fr-d700-brochure.ashx?h=350&w=247&la=en&hash=A131CC9FA9AD3D50AC0996EAABD4EB05; https://us.mitsubishielectric.com/fa/en/-/media/images/webredesign/products/cnt/plcq/items/img/faist-202411-relatedlink-en.ashx?h=282&w=660&la=en&hash=4743C991996B535F2D08B6F49CEE3895,mitsubishi_electric_downloads/images/General/Inverters-FREQROLFR-D_series_4b066483.jpg; mitsubishi_electric_downloads/images/General/Inverters-FREQROLFR-D_series_c4511fe5.jpg; mitsubishi_electric_downloads/images/General/Inverters-FREQROLFR-D_series_7afb4097.jpg
FREQROLFR-D Series,FREQROLFR-D,,FR-D Series,"InquiriesWebsite HelpSupportJoin UsContact SalesSelect& QuoteShareEmailXFacebookLinkedInPartnersOEM LocatorSolutions PartnersDiamond PartnersDistributor LocatorProductsInverters-FREQROLFR-D seriesInverters-FREQROLFR-A800 seriesFR-A800 Plus seriesFR-F seriesFR-E seriesFR-D SeriesFR-XC seriesEasy and compact inverter FR-D series.The FR-D700 delivers maximum drive performance in a compact body.More DetailsProduct ListFR-D700In addition to the improved reliability and easy maintenance, pursued easier use and better performance.DownloadRecommended CatalogFREQROL-D700 SeriesBrochuresManuals (Login Required)Knowledge BaseSoftwareRelated LinksHow Can We Help You?Contact SalesRequest a Product QuoteJoin UsContact Support",https://us.mitsubishielectric.com/fa/en/products/drv/inv/items/fr-d-series/,{},,,https://us.mitsubishielectric.com/fa/en/-/media/images/webredesign/section-landing-hero/fa_logo.ashx?h=0&w=0&la=en&hash=DB652356755D2AABE5CF7FF653C05290; https://us.mitsubishielectric.com/fa/en/-/media/images/webredesign/products/drv/inv/items/fr_d/img/fr-d-series-main-banner.ashx?h=496&w=880&la=en&hash=E701CBC6D1B215128197A10AE5FAA13F; https://us.mitsubishielectric.com/fa/en/-/media/images/webredesign/products/drv/inv/items/fr_d/img/d700new.ashx?h=372&w=660&la=en&hash=E3E1A4792D5A43FA1646299422B1CD34; https://us.mitsubishielectric.com/fa/en/-/media/images/webredesign/products/catalogs/drv/fr-d700-brochure.ashx?h=350&w=247&la=en&hash=A131CC9FA9AD3D50AC0996EAABD4EB05; https://us.mitsubishielectric.com/fa/en/-/media/images/webredesign/link-card-list-icons/icon_catalog.ashx; https://us.mitsubishielectric.com/fa/en/-/media/images/webredesign/link-card-list-icons/icon_manual.ashx; https://us.mitsubishielectric.com/fa/en/-/media/images/webredesign/link-card-list-icons/icon_techinfo.ashx; https://us.mitsubishielectric.com/fa/en/-/media/images/webredesign/link-card-list-icons/icon_software.ashx; https://us.mitsubishielectric.com/fa/en/-/media/images/webredesign/products/assets/img/fa-e-learning-sm-banner.ashx?h=282&w=660&la=en&hash=3190B09DB44FD13AA020EB044184160B; https://us.mitsubishielectric.com/fa/en/-/media/images/webredesign/products/drv/inv/img/banner_simulation.ashx?h=282&w=660&la=en&hash=9409F1A53925346FFC7FED30F5042335; https://us.mitsubishielectric.com/fa/en/-/media/images/webredesign/products/drv/inv/img/banner_webcatalog.ashx?h=282&w=660&la=en&hash=F1FE0FE6C54A10221EF5A3DBDFCC32F1; https://us.mitsubishielectric.com/fa/en/-/media/images/webredesign/products/cnt/plcq/items/img/faist-202411-relatedlink-en.ashx?h=282&w=660&la=en&hash=4743C991996B535F2D08B6F49CEE3895; https://us.mitsubishielectric.com/fa/en/-/media/images/webredesign/link-card-list-icons/contact_sales.ashx; https://us.mitsubishielectric.com/fa/en/-/media/images/webredesign/link-card-list-icons/icon_silverline.ashx; https://us.mitsubishielectric.com/fa/en/-/media/images/webredesign/link-card-list-icons/join_us.ashx; https://us.mitsubishielectric.com/fa/en/-/media/images/webredesign/link-card-list-icons/icon_techinfo.ashx,mitsubishi_electric_downloads/images/General/FREQROLFR-D_Series_36840095.png; mitsubishi_electric_downloads/images/General/FREQROLFR-D_Series_4b066483.jpg
FREQROL-D700 Series,FREQROL-D700,,FR-D Series,"InquiriesWebsite HelpSupportJoin UsContact SalesSelect& QuoteShareEmailXFacebookLinkedInPartnersOEM LocatorSolutions PartnersDiamond PartnersDistributor LocatorProductsInverters-FREQROLFR-D seriesInverters-FREQROLFR-A800 seriesFR-A800 Plus seriesFR-F seriesFR-E seriesFR-D SeriesFR-XC seriesEasy and compact inverter FR-D series.The FR-D700 delivers maximum drive performance in a compact body.More DetailsProduct ListFR-D700In addition to the improved reliability and easy maintenance, pursued easier use and better performance.DownloadRecommended CatalogFREQROL-D700 SeriesBrochuresManuals (Login Required)Knowledge BaseSoftwareRelated LinksHow Can We Help You?Contact SalesRequest a Product QuoteJoin UsContact Support",https://us.mitsubishielectric.com/fa/en/products/drv/inv/items/fr-d-series/,{},,,https://us.mitsubishielectric.com/fa/en/-/media/images/webredesign/section-landing-hero/fa_logo.ashx?h=0&w=0&la=en&hash=DB652356755D2AABE5CF7FF653C05290; https://us.mitsubishielectric.com/fa/en/-/media/images/webredesign/products/drv/inv/items/fr_d/img/fr-d-series-main-banner.ashx?h=496&w=880&la=en&hash=E701CBC6D1B215128197A10AE5FAA13F; https://us.mitsubishielectric.com/fa/en/-/media/images/webredesign/products/drv/inv/items/fr_d/img/d700new.ashx?h=372&w=660&la=en&hash=E3E1A4792D5A43FA1646299422B1CD34; https://us.mitsubishielectric.com/fa/en/-/media/images/webredesign/products/catalogs/drv/fr-d700-brochure.ashx?h=350&w=247&la=en&hash=A131CC9FA9AD3D50AC0996EAABD4EB05; https://us.mitsubishielectric.com/fa/en/-/media/images/webredesign/link-card-list-icons/icon_catalog.ashx; https://us.mitsubishielectric.com/fa/en/-/media/images/webredesign/link-card-list-icons/icon_manual.ashx; https://us.mitsubishielectric.com/fa/en/-/media/images/webredesign/link-card-list-icons/icon_techinfo.ashx; https://us.mitsubishielectric.com/fa/en/-/media/images/webredesign/link-card-list-icons/icon_software.ashx; https://us.mitsubishielectric.com/fa/en/-/media/images/webredesign/products/assets/img/fa-e-learning-sm-banner.ashx?h=282&w=660&la=en&hash=3190B09DB44FD13AA020EB044184160B; https://us.mitsubishielectric.com/fa/en/-/media/images/webredesign/products/drv/inv/img/banner_simulation.ashx?h=282&w=660&la=en&hash=9409F1A53925346FFC7FED30F5042335; https://us.mitsubishielectric.com/fa/en/-/media/images/webredesign/products/drv/inv/img/banner_webcatalog.ashx?h=282&w=660&la=en&hash=F1FE0FE6C54A10221EF5A3DBDFCC32F1; https://us.mitsubishielectric.com/fa/en/-/media/images/webredesign/products/cnt/plcq/items/img/faist-202411-relatedlink-en.ashx?h=282&w=660&la=en&hash=4743C991996B535F2D08B6F49CEE3895; https://us.mitsubishielectric.com/fa/en/-/media/images/webredesign/link-card-list-icons/contact_sales.ashx; https://us.mitsubishielectric.com/fa/en/-/media/images/webredesign/link-card-list-icons/icon_silverline.ashx; https://us.mitsubishielectric.com/fa/en/-/media/images/webredesign/link-card-list-icons/join_us.ashx; https://us.mitsubishielectric.com/fa/en/-/media/images/webredesign/link-card-list-icons/icon_techinfo.ashx,mitsubishi_electric_downloads/images/General/FREQROL-D700_Series_36840095.png; mitsubishi_electric_downloads/images/General/FREQROL-D700_Series_4b066483.jpg
"FR-A800High performance and high quality new inverter of the highest level. With the enhanced drive performance and usability, the inverter is compliant with applicable safety standards.",FR-A800,,FR-A800 Plus,,https://us.mitsubishielectric.com/fa/en/products/drv/inv/items/fr-a-series/,{},,,,
fr-a800-series-main-banner,,,FR-A Series,,https://us.mitsubishielectric.com/fa/en/products/drv/inv/items/fr-a-series/,{},,,,
Inverters-FREQROLFR-A800 series,FR-A800,,FR-A800 Plus,High performance and high quality new inverter of the highest level.,https://us.mitsubishielectric.com/fa/en/products/drv/inv/items/fr-a-series/,{},C Language Controller; Programmable Logic Controller; Configured DrivesConfigured DrivesSolutions OverviewAir Handling and Pumping ApplicationsAdvanced Pump ControlCommercial Fan and Pump ApplicationsHeavy Duty Applications; Advanced Pump Control; Programmable Controllers MELSEC; Simple Application Controllers; Motion ControllersMotion ControllersMELSEC iQ-R SeriesMELSEC iQ-F SeriesMELSEC-Q seriesMELSEC-L seriesMotion Control SoftwareFA Application Package iQ MonozukuriEngineering Software; Motion Controllers; Motion Control Software; Computerized Numerical ControllersComputerized Numerical ControllersCNCDrive UnitsServo MotorsSpindle MotorsSoftware ToolsIoT-related Products,,https://us.mitsubishielectric.com/fa/en/-/media/images/webredesign/products/drv/inv/img/thumbnail-a800.ashx?h=372&w=660&la=en&hash=B603D84E3883C91AA71F4901D1B94D4F; https://us.mitsubishielectric.com/fa/en/-/media/images/webredesign/products/drv/inv/img/l06075engh.ashx?h=207&w=147&la=en&hash=31E71EAD61ED4A6A814EBDDAA90A8E82; https://us.mitsubishielectric.com/fa/en/-/media/images/webredesign/products/cnt/plcq/items/img/faist-202411-relatedlink-en.ashx?h=282&w=660&la=en&hash=4743C991996B535F2D08B6F49CEE3895,mitsubishi_electric_downloads/images/General/Inverters-FREQROLFR-A800_serie_1446e720.jpg; mitsubishi_electric_downloads/images/General/Inverters-FREQROLFR-A800_serie_13fffe90.png; mitsubishi_electric_downloads/images/General/Inverters-FREQROLFR-A800_serie_7afb4097.jpg
FR-F800Enhanced next-generation energy-saving inverter.Equipped various functions ideal for fans and pumps.,FR-F800,,FR-F Series,,https://us.mitsubishielectric.com/fa/en/products/drv/inv/items/fr-f-series/,{},,,,
fr-f-series-main-banner,,,FR-F Series,,https://us.mitsubishielectric.com/fa/en/products/drv/inv/items/fr-f-series/,{},,,,
Inverters-FREQROLFR-F series,FR-F,,FR-F Series,"Inverter for fans, pumps, and air conditioning FR-F series.",https://us.mitsubishielectric.com/fa/en/products/drv/inv/items/fr-f-series/,{},C Language Controller; Programmable Logic Controller; Configured DrivesConfigured DrivesSolutions OverviewAir Handling and Pumping ApplicationsAdvanced Pump ControlCommercial Fan and Pump ApplicationsHeavy Duty Applications; Advanced Pump Control; Programmable Controllers MELSEC; Simple Application Controllers; Motion ControllersMotion ControllersMELSEC iQ-R SeriesMELSEC iQ-F SeriesMELSEC-Q seriesMELSEC-L seriesMotion Control SoftwareFA Application Package iQ MonozukuriEngineering Software; Motion Controllers; Motion Control Software; Computerized Numerical ControllersComputerized Numerical ControllersCNCDrive UnitsServo MotorsSpindle MotorsSoftware ToolsIoT-related Products,,https://us.mitsubishielectric.com/fa/en/-/media/images/webredesign/products/drv/inv/img/thumbnail-f800.ashx?h=372&w=660&la=en&hash=837F052B49B26446D88CC17E74843B1A; https://us.mitsubishielectric.com/fa/en/-/media/images/webredesign/products/drv/inv/img/l06085enge.ashx?h=350&w=248&la=en&hash=770E6A5FFB560B57671C624747B7385F; https://us.mitsubishielectric.com/fa/en/-/media/images/webredesign/products/cnt/plcq/items/img/faist-202411-relatedlink-en.ashx?h=282&w=660&la=en&hash=4743C991996B535F2D08B6F49CEE3895,mitsubishi_electric_downloads/images/General/Inverters-FREQROLFR-F_series_c2972544.jpg; mitsubishi_electric_downloads/images/General/Inverters-FREQROLFR-F_series_e40e7658.jpg; mitsubishi_electric_downloads/images/General/Inverters-FREQROLFR-F_series_7afb4097.jpg
FREQROLFR-F Series,FREQROLFR-F,,FR-F Series,"InquiriesWebsite HelpSupportJoin UsContact SalesSelect& QuoteShareEmailXFacebookLinkedInPartnersOEM LocatorSolutions PartnersDiamond PartnersDistributor LocatorProductsInverters-FREQROLFR-F seriesInverters-FREQROLFR-A800 seriesFR-A800 Plus seriesFR-F seriesFR-E seriesFR-D SeriesFR-XC seriesInverter for fans, pumps, and air conditioning FR-F series.In addition to various energy saving functions, functions ideal for fans and pumps are also equipped. The inverter provide the solution to your further energy saving needs.More DetailsProduct ListFR-F800Enhanced next-generation energy-saving inverter.Equipped various functions ideal for fans and pumps.Product Selection GuideFA Integrated Selection ToolDownloadRecommended CatalogFREQROL-F800 SeriesBrochuresManuals (Login Required)Knowledge BaseSof",https://us.mitsubishielectric.com/fa/en/products/drv/inv/items/fr-f-series/,{},,,https://us.mitsubishielectric.com/fa/en/-/media/images/webredesign/section-landing-hero/fa_logo.ashx?h=0&w=0&la=en&hash=DB652356755D2AABE5CF7FF653C05290; https://us.mitsubishielectric.com/fa/en/-/media/images/webredesign/products/drv/inv/items/fr_f/img/fr-f-series-main-banner.ashx?h=496&w=880&la=en&hash=3BA11EB25F8319F1148F839B92449273; https://us.mitsubishielectric.com/fa/en/-/media/images/webredesign/products/drv/inv/img/thumbnail-f800.ashx?h=372&w=660&la=en&hash=837F052B49B26446D88CC17E74843B1A; https://us.mitsubishielectric.com/fa/en/-/media/images/webredesign/link-card-list-icons/icon_catalog.ashx; https://us.mitsubishielectric.com/fa/en/-/media/images/webredesign/link-card-list-icons/icon_tree.ashx; https://us.mitsubishielectric.com/fa/en/-/media/images/webredesign/products/drv/inv/img/l06085enge.ashx?h=350&w=248&la=en&hash=770E6A5FFB560B57671C624747B7385F; https://us.mitsubishielectric.com/fa/en/-/media/images/webredesign/link-card-list-icons/icon_catalog.ashx; https://us.mitsubishielectric.com/fa/en/-/media/images/webredesign/link-card-list-icons/icon_manual.ashx; https://us.mitsubishielectric.com/fa/en/-/media/images/webredesign/link-card-list-icons/icon_techinfo.ashx; https://us.mitsubishielectric.com/fa/en/-/media/images/webredesign/link-card-list-icons/icon_software.ashx; https://us.mitsubishielectric.com/fa/en/-/media/images/webredesign/products/assets/img/fa-e-learning-sm-banner.ashx?h=282&w=660&la=en&hash=3190B09DB44FD13AA020EB044184160B; https://us.mitsubishielectric.com/fa/en/-/media/images/webredesign/products/drv/inv/img/banner_simulation.ashx?h=282&w=660&la=en&hash=9409F1A53925346FFC7FED30F5042335; https://us.mitsubishielectric.com/fa/en/-/media/images/webredesign/products/drv/inv/img/banner_webcatalog.ashx?h=282&w=660&la=en&hash=F1FE0FE6C54A10221EF5A3DBDFCC32F1; https://us.mitsubishielectric.com/fa/en/-/media/images/webredesign/products/cnt/plcq/items/img/faist-202411-relatedlink-en.ashx?h=282&w=660&la=en&hash=4743C991996B535F2D08B6F49CEE3895; https://us.mitsubishielectric.com/fa/en/-/media/images/webredesign/link-card-list-icons/contact_sales.ashx; https://us.mitsubishielectric.com/fa/en/-/media/images/webredesign/link-card-list-icons/icon_silverline.ashx; https://us.mitsubishielectric.com/fa/en/-/media/images/webredesign/link-card-list-icons/join_us.ashx; https://us.mitsubishielectric.com/fa/en/-/media/images/webredesign/link-card-list-icons/icon_techinfo.ashx,mitsubishi_electric_downloads/images/General/FREQROLFR-F_Series_83071d5c.png; mitsubishi_electric_downloads/images/General/FREQROLFR-F_Series_c2972544.jpg
FREQROL-F800 Series,FREQROL-F800,,FR-F Series,"InquiriesWebsite HelpSupportJoin UsContact SalesSelect& QuoteShareEmailXFacebookLinkedInPartnersOEM LocatorSolutions PartnersDiamond PartnersDistributor LocatorProductsInverters-FREQROLFR-F seriesInverters-FREQROLFR-A800 seriesFR-A800 Plus seriesFR-F seriesFR-E seriesFR-D SeriesFR-XC seriesInverter for fans, pumps, and air conditioning FR-F series.In addition to various energy saving functions, functions ideal for fans and pumps are also equipped. The inverter provide the solution to your further energy saving needs.More DetailsProduct ListFR-F800Enhanced next-generation energy-saving inverter.Equipped various functions ideal for fans and pumps.Product Selection GuideFA Integrated Selection ToolDownloadRecommended CatalogFREQROL-F800 SeriesBrochuresManuals (Login Required)Knowledge BaseSof",https://us.mitsubishielectric.com/fa/en/products/drv/inv/items/fr-f-series/,{},,,https://us.mitsubishielectric.com/fa/en/-/media/images/webredesign/section-landing-hero/fa_logo.ashx?h=0&w=0&la=en&hash=DB652356755D2AABE5CF7FF653C05290; https://us.mitsubishielectric.com/fa/en/-/media/images/webredesign/products/drv/inv/items/fr_f/img/fr-f-series-main-banner.ashx?h=496&w=880&la=en&hash=3BA11EB25F8319F1148F839B92449273; https://us.mitsubishielectric.com/fa/en/-/media/images/webredesign/products/drv/inv/img/thumbnail-f800.ashx?h=372&w=660&la=en&hash=837F052B49B26446D88CC17E74843B1A; https://us.mitsubishielectric.com/fa/en/-/media/images/webredesign/link-card-list-icons/icon_catalog.ashx; https://us.mitsubishielectric.com/fa/en/-/media/images/webredesign/link-card-list-icons/icon_tree.ashx; https://us.mitsubishielectric.com/fa/en/-/media/images/webredesign/products/drv/inv/img/l06085enge.ashx?h=350&w=248&la=en&hash=770E6A5FFB560B57671C624747B7385F; https://us.mitsubishielectric.com/fa/en/-/media/images/webredesign/link-card-list-icons/icon_catalog.ashx; https://us.mitsubishielectric.com/fa/en/-/media/images/webredesign/link-card-list-icons/icon_manual.ashx; https://us.mitsubishielectric.com/fa/en/-/media/images/webredesign/link-card-list-icons/icon_techinfo.ashx; https://us.mitsubishielectric.com/fa/en/-/media/images/webredesign/link-card-list-icons/icon_software.ashx; https://us.mitsubishielectric.com/fa/en/-/media/images/webredesign/products/assets/img/fa-e-learning-sm-banner.ashx?h=282&w=660&la=en&hash=3190B09DB44FD13AA020EB044184160B; https://us.mitsubishielectric.com/fa/en/-/media/images/webredesign/products/drv/inv/img/banner_simulation.ashx?h=282&w=660&la=en&hash=9409F1A53925346FFC7FED30F5042335; https://us.mitsubishielectric.com/fa/en/-/media/images/webredesign/products/drv/inv/img/banner_webcatalog.ashx?h=282&w=660&la=en&hash=F1FE0FE6C54A10221EF5A3DBDFCC32F1; https://us.mitsubishielectric.com/fa/en/-/media/images/webredesign/products/cnt/plcq/items/img/faist-202411-relatedlink-en.ashx?h=282&w=660&la=en&hash=4743C991996B535F2D08B6F49CEE3895; https://us.mitsubishielectric.com/fa/en/-/media/images/webredesign/link-card-list-icons/contact_sales.ashx; https://us.mitsubishielectric.com/fa/en/-/media/images/webredesign/link-card-list-icons/icon_silverline.ashx; https://us.mitsubishielectric.com/fa/en/-/media/images/webredesign/link-card-list-icons/join_us.ashx; https://us.mitsubishielectric.com/fa/en/-/media/images/webredesign/link-card-list-icons/icon_techinfo.ashx,mitsubishi_electric_downloads/images/General/FREQROL-F800_Series_83071d5c.png; mitsubishi_electric_downloads/images/General/FREQROL-F800_Series_c2972544.jpg
FREQROL)PRODUCTSINTEGRATED Series,FREQROL)PRODUCTSINTEGRATED,,General,"InquiriesWebsite HelpSupportJoin UsContact SalesSelect& QuoteShareEmailXFacebookLinkedInPartnersOEM LocatorSolutions PartnersDiamond PartnersDistributor LocatorProductsInverter engineering software (FREQROL)ProductsIntegrated engineering softwarePLC Engineering Software (MELSEC)Motion Controller Engineering SoftwareAC Servo Engineering Software (MELSERVO)Inverter Engineering Software (FREQROL)HMI Engineering Software (GOT)Robot Engineering Software (MELFA)NC Software ToolsDelivering a comfortable inverter operating environment.The software can be easily used by a personal computer from inverter setting up to maintenance.Product ListiQ WorksiQ Works is a comprehensive software suite that contains programming software for programmable controllers, motion controllers, GOTs, etc.FR Configurato",https://us.mitsubishielectric.com/fa/en/products/software/inverter/,{},,,https://us.mitsubishielectric.com/fa/en/-/media/images/webredesign/section-landing-hero/fa_logo.ashx?h=0&w=0&la=en&hash=DB652356755D2AABE5CF7FF653C05290; https://us.mitsubishielectric.com/fa/en/-/media/images/webredesign/products/software/inv/img/freqrol-main-image.ashx?h=496&w=880&la=en&hash=E01490E9B56A15FF44B7E04DCBB30702; https://us.mitsubishielectric.com/fa/en/-/media/images/webredesign/products/software/plc/img/thumbnail-iq-works.ashx?h=372&w=660&la=en&hash=21D5BA0C22CB90A421897412766DDECB; https://us.mitsubishielectric.com/fa/en/-/media/images/webredesign/products/drv/inv/img/thumbnail-fr-conf2.ashx?h=372&w=660&la=en&hash=BB1AC02A9F0D40822C4AC97DEC4C59BB; https://us.mitsubishielectric.com/fa/en/-/media/images/webredesign/products/software/plc/img/thumbnail-iq-app.ashx?h=372&w=660&la=en&hash=87E0504552A59B4468DC0C4DE094264A; https://us.mitsubishielectric.com/fa/en/-/media/images/webredesign/products/catalogs/software/l06036g.ashx?h=208&w=147&la=en&hash=3F688FCBD36C5EDEE6C136B3FBDF4A1B; https://us.mitsubishielectric.com/fa/en/-/media/images/webredesign/link-card-list-icons/icon_catalog.ashx; https://us.mitsubishielectric.com/fa/en/-/media/images/webredesign/link-card-list-icons/icon_manual.ashx; https://us.mitsubishielectric.com/fa/en/-/media/images/webredesign/link-card-list-icons/icon_techinfo.ashx; https://us.mitsubishielectric.com/fa/en/-/media/images/webredesign/products/drv/inv/img/banner_simulation.ashx?h=282&w=660&la=en&hash=9409F1A53925346FFC7FED30F5042335; https://us.mitsubishielectric.com/fa/en/-/media/images/webredesign/products/drv/inv/img/banner_webcatalog.ashx?h=282&w=660&la=en&hash=F1FE0FE6C54A10221EF5A3DBDFCC32F1; https://us.mitsubishielectric.com/fa/en/-/media/images/webredesign/products/cnt/plcq/items/img/faist-202411-relatedlink-en.ashx?h=282&w=660&la=en&hash=4743C991996B535F2D08B6F49CEE3895; https://us.mitsubishielectric.com/fa/en/-/media/images/webredesign/link-card-list-icons/contact_sales.ashx; https://us.mitsubishielectric.com/fa/en/-/media/images/webredesign/link-card-list-icons/icon_silverline.ashx; https://us.mitsubishielectric.com/fa/en/-/media/images/webredesign/link-card-list-icons/join_us.ashx; https://us.mitsubishielectric.com/fa/en/-/media/images/webredesign/link-card-list-icons/icon_techinfo.ashx,mitsubishi_electric_downloads/images/General/FREQROLPRODUCTSINTEGRATED_Seri_e670d737.png; mitsubishi_electric_downloads/images/General/FREQROLPRODUCTSINTEGRATED_Seri_5ebeab35.jpg
FREQROL)HMI Series,FREQROL)HMI,,General,"InquiriesWebsite HelpSupportJoin UsContact SalesSelect& QuoteShareEmailXFacebookLinkedInPartnersOEM LocatorSolutions PartnersDiamond PartnersDistributor LocatorProductsInverter engineering software (FREQROL)ProductsIntegrated engineering softwarePLC Engineering Software (MELSEC)Motion Controller Engineering SoftwareAC Servo Engineering Software (MELSERVO)Inverter Engineering Software (FREQROL)HMI Engineering Software (GOT)Robot Engineering Software (MELFA)NC Software ToolsDelivering a comfortable inverter operating environment.The software can be easily used by a personal computer from inverter setting up to maintenance.Product ListiQ WorksiQ Works is a comprehensive software suite that contains programming software for programmable controllers, motion controllers, GOTs, etc.FR Configurato",https://us.mitsubishielectric.com/fa/en/products/software/inverter/,{},,,https://us.mitsubishielectric.com/fa/en/-/media/images/webredesign/section-landing-hero/fa_logo.ashx?h=0&w=0&la=en&hash=DB652356755D2AABE5CF7FF653C05290; https://us.mitsubishielectric.com/fa/en/-/media/images/webredesign/products/software/inv/img/freqrol-main-image.ashx?h=496&w=880&la=en&hash=E01490E9B56A15FF44B7E04DCBB30702; https://us.mitsubishielectric.com/fa/en/-/media/images/webredesign/products/software/plc/img/thumbnail-iq-works.ashx?h=372&w=660&la=en&hash=21D5BA0C22CB90A421897412766DDECB; https://us.mitsubishielectric.com/fa/en/-/media/images/webredesign/products/drv/inv/img/thumbnail-fr-conf2.ashx?h=372&w=660&la=en&hash=BB1AC02A9F0D40822C4AC97DEC4C59BB; https://us.mitsubishielectric.com/fa/en/-/media/images/webredesign/products/software/plc/img/thumbnail-iq-app.ashx?h=372&w=660&la=en&hash=87E0504552A59B4468DC0C4DE094264A; https://us.mitsubishielectric.com/fa/en/-/media/images/webredesign/products/catalogs/software/l06036g.ashx?h=208&w=147&la=en&hash=3F688FCBD36C5EDEE6C136B3FBDF4A1B; https://us.mitsubishielectric.com/fa/en/-/media/images/webredesign/link-card-list-icons/icon_catalog.ashx; https://us.mitsubishielectric.com/fa/en/-/media/images/webredesign/link-card-list-icons/icon_manual.ashx; https://us.mitsubishielectric.com/fa/en/-/media/images/webredesign/link-card-list-icons/icon_techinfo.ashx; https://us.mitsubishielectric.com/fa/en/-/media/images/webredesign/products/drv/inv/img/banner_simulation.ashx?h=282&w=660&la=en&hash=9409F1A53925346FFC7FED30F5042335; https://us.mitsubishielectric.com/fa/en/-/media/images/webredesign/products/drv/inv/img/banner_webcatalog.ashx?h=282&w=660&la=en&hash=F1FE0FE6C54A10221EF5A3DBDFCC32F1; https://us.mitsubishielectric.com/fa/en/-/media/images/webredesign/products/cnt/plcq/items/img/faist-202411-relatedlink-en.ashx?h=282&w=660&la=en&hash=4743C991996B535F2D08B6F49CEE3895; https://us.mitsubishielectric.com/fa/en/-/media/images/webredesign/link-card-list-icons/contact_sales.ashx; https://us.mitsubishielectric.com/fa/en/-/media/images/webredesign/link-card-list-icons/icon_silverline.ashx; https://us.mitsubishielectric.com/fa/en/-/media/images/webredesign/link-card-list-icons/join_us.ashx; https://us.mitsubishielectric.com/fa/en/-/media/images/webredesign/link-card-list-icons/icon_techinfo.ashx,mitsubishi_electric_downloads/images/General/FREQROLHMI_Series_e670d737.png; mitsubishi_electric_downloads/images/General/FREQROLHMI_Series_5ebeab35.jpg
FREQROL) Series,FREQROL),,General,ProductsInverter engineering software (FREQROL),https://us.mitsubishielectric.com/fa/en/products/software/inverter/,{},,,https://us.mitsubishielectric.com/fa/en/-/media/images/webredesign/section-landing-hero/fa_logo.ashx?h=0&w=0&la=en&hash=DB652356755D2AABE5CF7FF653C05290; https://us.mitsubishielectric.com/fa/en/-/media/images/webredesign/products/software/inv/img/freqrol-main-image.ashx?h=496&w=880&la=en&hash=E01490E9B56A15FF44B7E04DCBB30702,mitsubishi_electric_downloads/images/General/FREQROL_Series_e670d737.png
FREQROLTHE Series,FREQROLTHE,,General,InquiriesWebsite HelpSupportJoin UsContact SalesSelect& QuoteShareEmailXFacebookLinkedInPartnersOEM LocatorSolutions PartnersDiamond PartnersDistributor LocatorInverters-FREQROLThe energy saving calculation systemInverters-FREQROLThe energy saving calculation systemThe energy saving calculation systemThis system enables you to check and see the energy saving effect when operating a FREQROL series inverter coupled with a 3-phase motor (a general purpose motor or an IPM motor).Entering the operating conditions is all you have to do. The system will simply take care of the rest to simulate the energy saving effect.Simple and convenient to simulate the energy saving effect before introducing an inverter.Choose the constant torque application or fan/pump application according to your purpose.Th,https://us.mitsubishielectric.com/fa/en/products/drv/inv/pmerit/energy-saving-calculation/,{},,,https://us.mitsubishielectric.com/fa/en/-/media/images/webredesign/section-landing-hero/fa_logo.ashx; https://us.mitsubishielectric.com/fa/en/-/media/images/webredesign/products/assets/img/img-mv-1-sm.ashx; https://us.mitsubishielectric.com/fa/en/-/media/images/webredesign/hero-banner/automatingtheworld_logo.ashx; https://us.mitsubishielectric.com/fa/en/-/media/Images/WebRedesign/products/drv/inv/pmerit/assets/img/agree_off,
